id_city,city,id_hotel,name_hotel,region,star_rating,num_reviews,hotel_features,price,matched_name,displayName,latitude,longitude
1,Bandung,15,Amaroossa Bandung,"Jalan Riau, Bandung",4.0,5511.0,"Sewa mobil, Layanan pijat, Pusat kebugaran, Aksesibel bagi penyandang disabilitas, Sauna, Spa, Pusat kebugaran, Bar",2204301,Amaroossa Bandung,Amaroossa Bandung,-6.908619,107.618396
1,Bandung,71,Grand Serela Setiabudhi by KAGUM Hotels,"Setiabudi, Bandung",4.0,6164.0,"Tennis meja, Jacuzzi, Area main anak, Sewa mobil, Layanan pijat, Pusat kebugaran, Sauna, Spa",1096333,Grand Serela Setiabudhi by KAGUM Hotels,Grand Serela Setiabudhi by KAGUM Hotels,-6.8810402,107.60120919999996
1,Bandung,155,Nine Inn by Edotel Dbest,"Batununggal, Bandung",2.0,35.0,Bayar saat Check-in,1017500,Nine Inn by Edotel Dbest,Nine Inn by Edotel Dbest,-6.93946554350589,107.656755266489
1,Bandung,25,Atlantic City Hotel,"Pasirkaliki, Bandung",3.0,9630.0,"Layanan pijat, Aksesibel bagi penyandang disabilitas, Spa",673333,Atlantic City,Atlantic City,-6.9069168411350725,107.59769817790982
1,Bandung,97,Horison Ultima Bandung,"Lengkong, Bandung",4.0,17509.0,"Area main anak, Klub anak, Pusat kebugaran, Lapangan tennis outdoor, Aksesibel bagi penyandang disabilitas, Pusat kebugaran, Bar",1150667,Horison Ultima Bandung,Horison Ultima Bandung,-6.935608,107.625306
1,Bandung,86,Harris Hotel & Conventions Festival Citilink Bandung,"Pasir Koja, Bandung",4.0,4955.0,"Bayar saat Check-in, Aerobik, Restoran show cooking, Ruang santai, Klub anak, Aksesibel bagi penyandang disabilitas, Pusat kebugaran, Bar",1218667,Harris Hotel & Conventions Festival Citilink Bandung,Harris Hotel & Conventions Festival Citilink Bandung,-6.929819,107.586579
1,Bandung,180,Serela Riau by KAGUM Hotels,"Jalan Riau, Bandung",3.0,5598.0,"Layanan pijat, Spa, Bar",1185833,Serela Riau by KAGUM Hotels,Serela Riau by KAGUM Hotels,-6.906403,107.619476
1,Bandung,140,Maison Teraskita Bandung,"Asia Afrika, Bandung",4.0,788.0,Bar,3736667,Maison Teraskita Bandung,Maison Teraskita Bandung,-6.9210901,107.6068887
1,Bandung,214,The Luxton Bandung,"Dago, Bandung",4.0,5129.0,"Jacuzzi, Klub anak, Layanan pijat, Pusat kebugaran, Bar di kolam renang, Spa, Pusat kebugaran, Bar",1759500,The Luxton Bandung,The Luxton Bandung,-6.903839,107.611357
1,Bandung,182,Shakti Hotel Bandung,"Gedebage, Bandung",4.0,9209.0,"Aerobik, Aktivitas outdoor, Handuk pantai, Layanan pijat, Pusat kebugaran, Aksesibel bagi penyandang disabilitas, Check-out ekspress, Pusat kebugaran",1056667,Shakti Hotel Bandung,Shakti Hotel Bandung,-6.937308900000001,107.69711589999996
1,Bandung,60,Grand Hotel Preanger,"Braga, Bandung",5.0,3800.0,"Aerobik, Winery, Tennis meja, Dapur kecil, Bilyar, Fasilitas bisnis, Aksesibel bagi penyandang disabilitas, Bar",1916667,Grand Hotel Preanger,Grand Hotel Preanger,-6.920718,107.611636
1,Bandung,185,Sheraton Bandung Hotel & Towers,"Dago Atas, Bandung",5.0,2213.0,"Tunggang kuda, Jacuzzi, Pengering pakaian, Area main anak, Klub anak, Pusat kebugaran, Pusat kebugaran, Bar",2944333,Sheraton Bandung Hotel & Towers,Sheraton Bandung Hotel & Towers,-6.874546500000001,107.61997989999998
1,Bandung,38,"Courtyard by Marriott Bandung Dago, CHSE Certified","Dago, Bandung",4.0,2179.0,"Sewa mobil, Dapur kecil",2335300,"Courtyard by Marriott Bandung Dago, CHSE Certified","Courtyard by Marriott Bandung Dago, CHSE Certified",-6.90421453,107.6100776
1,Bandung,50,GH Universal Hotel,"Setiabudi, Bandung",5.0,6137.0,"Area main anak, Hewan peliharaan diizinkan, Layanan pijat, Pusat kebugaran, Spa, Bar",2579710,GH Universal Hotel,GH Universal Hotel,-6.850522,107.597998
1,Bandung,216,The Papandayan Hotel,"Lengkong, Bandung",5.0,5038.0,"Darts, Ruang santai, Winery, Klub anak, Bar di kolam renang, Check-out ekspress, Pusat kebugaran, Bar",2854628,The Papandayan,The Papandayan,-6.923077,107.62379
1,Bandung,17,Apartmen The Suite Metro By Faris Bunbun,"Batununggal, Bandung",0.0,430.0,Pusat kebugaran,613000,Apartmen The Suite Metro By Faris Bunbun,Apartmen The Suite Metro By Faris Bunbun,-6.939430971070963,107.65908479690552
1,Bandung,39,Crowne Plaza BANDUNG,"Sumurbandung, Bandung",5.0,3856.0,"Pusat kebugaran, Bar",2392896,Crowne Plaza BANDUNG,Crowne Plaza BANDUNG,-6.9171,107.6118
1,Bandung,133,Kytos Hotel,"Setiabudi, Bandung",3.0,6245.0,Teras rooftop,3316667,Kytos Hotel,Kytos Hotel,-6.869466130274049,107.5932264513176
1,Bandung,91,Holiday Inn BANDUNG PASTEUR,"Pasteur, Bandung",4.0,5223.0,"Pusat kebugaran, Bar",1559199,Holiday Inn BANDUNG PASTEUR,Holiday Inn BANDUNG PASTEUR,-6.895968,107.590679
1,Bandung,18,Apartment Gateway Cicadas by GPro,"Cibeunying, Bandung",0.0,163.0,Basket,733333,Apartment Gateway Cicadas by GPro,Apartment Gateway Cicadas by GPro,-6.9069707,107.64497729999994
1,Bandung,243,ibis Bandung Trans Studio,"Buahbatu, Bandung",3.0,17868.0,Check-out ekspress,926667,ibis Bandung Trans Studio,ibis Bandung Trans Studio,-6.926821,107.636254
1,Bandung,152,Moxy Bandung,"Dago, Bandung",3.0,1939.0,"Ruang santai, Pengering pakaian, Pusat kebugaran, Bilyar, Teras rooftop, Ruangan game, Pusat kebugaran, Bar",1411667,Moxy Bandung,Moxy Bandung,-6.900311699999999,107.61191970000004
1,Bandung,237,eL Hotel Royale Bandung,"Merdeka, Bandung",4.0,16317.0,"Penitipan anak, Sewa mobil, Fasilitas bisnis, Aksesibel bagi penyandang disabilitas",1316667,eL Hotel Royale Bandung,eL Hotel Royale Bandung,-6.9158591,107.6103538
1,Bandung,74,Grand Tjokro Premiere Bandung,"Cihampelas, Bandung",4.0,15901.0,"Olahraga air, Aerobik, Restoran show cooking, Dapur kecil, Teras rooftop, Aksesibel bagi penyandang disabilitas, Check-out ekspress, Bar",1751482,Grand Tjokro Premiere Bandung,Grand Tjokro Premiere Bandung,-6.886302,107.603845
1,Bandung,48,Four Points by Sheraton Bandung,"Dago, Bandung",4.0,2190.0,"Area main anak, Klub anak, Sewa mobil, Pusat kebugaran, Bar di kolam renang, Bar",2226400,Four Points by Sheraton Bandung,Four Points by Sheraton Bandung,-6.901574999999999,107.61215800000002
1,Bandung,20,Aryaduta Bandung,"Merdeka, Bandung",4.0,8395.0,"Area main anak, Antar-jemput bandara",2019852,Aryaduta Bandung,Aryaduta Bandung,-6.907893,107.611662
1,Bandung,90,Hilton Bandung,"Pasirkaliki, Bandung",5.0,3130.0,"Bar, Sewa mobil, Pusat kebugaran, Antar-jemput bandara, Aksesibel bagi penyandang disabilitas, Bar",3065333,Hilton Bandung,Hilton Bandung,-6.912836,107.597623
1,Bandung,202,THE 1O1 Bandung Dago,"Dago, Bandung",4.0,12553.0,"Bersepeda atau bersepeda gunung, Layanan pijat, Aksesibel bagi penyandang disabilitas, Pusat kebugaran, Bar",1755000,THE 1O1 Bandung Dago,THE 1O1 Bandung Dago,-6.9063411,107.61021099999994
1,Bandung,179,Serela Merdeka by KAGUM Hotels,"Dago, Bandung",3.0,6149.0,"Penitipan anak, Layanan pijat, Antar-jemput bandara, Check-out ekspress, Spa",996667,Serela Merdeka by KAGUM Hotels,Serela Merdeka by KAGUM Hotels,-6.906646200000001,107.6090011
1,Bandung,28,Banana Inn by KAGUM Hotels,"Setiabudi, Bandung",4.0,6267.0,"Aerobik, Bar, Pengering pakaian, Teras rooftop, Fasilitas bisnis, Aksesibel bagi penyandang disabilitas, Check-out ekspress, Bar",1033500,Banana Inn by KAGUM Hotels,Banana Inn by KAGUM Hotels,-6.866921,107.59368
1,Bandung,158,POP! Hotel Festival Citylink - Bandung,"Pasir Koja, Bandung",2.0,9679.0,"Bayar saat Check-in, Layanan pijat, Pusat kebugaran, Aksesibel bagi penyandang disabilitas, Spa, Pusat kebugaran",592000,POP! Hotel Festival Citylink - Bandung,POP! Hotel Festival Citylink - Bandung,-6.929565,107.585973
1,Bandung,46,Easton Park Apartment Jatinangor by Diajeng,"Jatinangor, Bandung",0.0,682.0,"Ruang santai, Area main anak, Limosin/mobil, Check-out ekspress, Pusat kebugaran",281500,Easton Park Apartment Jatinangor by Diajeng,Easton Park Apartment Jatinangor by Diajeng,-6.9364236,107.76518599999996
1,Bandung,42,Dago Heuvel Resort and Villa,"Mekarsaluyu, Bandung",2.0,591.0,"Pemancingan, Bilyar, Aktivitas outdoor, Jacuzzi, Area piknik",3968800,Dago Heuvel Resort and Villa,Dago Heuvel Resort and Villa,-6.859359176017268,107.6436917908768
1,Bandung,201,Swiss-Belresort Dago Heritage Bandung,"Dago Atas, Bandung",4.0,6225.0,"Golf, Klub anak, Dapur kecil, Pusat kebugaran, Bar di kolam renang, Aksesibel bagi penyandang disabilitas, Pusat kebugaran, Bar",3583950,Swiss-Belresort Dago Heritage Bandung,Swiss-Belresort Dago Heritage Bandung,-6.8669056,107.6252879
1,Bandung,77,Grandia Hotel Bandung,"Cihampelas, Bandung",4.0,9709.0,"Bar, Layanan pijat, Pusat kebugaran, Aksesibel bagi penyandang disabilitas, Spa, Bar",2270400,Grandia Hotel Bandung,Grandia Hotel Bandung,-6.900855,107.604483
1,Bandung,224,V Hotel & Residence,"Pasteur, Bandung",3.0,14648.0,"Layanan pijat, Pusat kebugaran, Antar-jemput bandara, Spa, Pusat kebugaran",699000,V Hotel & Residence,V Hotel & Residence,-6.881761,107.584433
1,Bandung,126,InterContinental Hotels BANDUNG DAGO PAKAR,"Mekarsaluyu, Bandung",5.0,4140.0,Tennis,5180328,InterContinental Hotels BANDUNG DAGO PAKAR,InterContinental Hotels BANDUNG DAGO PAKAR,-6.86674,107.641947
1,Bandung,111,Hotel Dafam Rio,"Jalan Riau, Bandung",3.0,3536.0,"Jemputan stasiun kereta, Layanan pijat, Spa",836841,Hotel Dafam Rio,Hotel Dafam Rio,-6.914218513250424,107.62925259768964
1,Bandung,89,Hemangini Hotel Bandung,"Setiabudi, Bandung",4.0,5488.0,Aksesibel bagi penyandang disabilitas,2037037,Hemangini Hotel Bandung,Hemangini Hotel Bandung,-6.880680125947302,107.59915678042604
1,Bandung,132,Kedaton Hotel,"Sumurbandung, Bandung",3.0,5277.0,"Karaoke, Layanan pijat, Mandi uap, Pusat kebugaran, Antar-jemput bandara, Sauna, Spa",1481481,Kedaton Hotel,Kedaton Hotel,-6.915518,107.60793
1,Bandung,176,Sari Ater Kamboti Hotel Bandung,"Pasteur, Bandung",4.0,5865.0,"Bayar saat Check-in, Karaoke, Pusat kebugaran, Bilyar, Aksesibel bagi penyandang disabilitas, Check-out ekspress, Pusat kebugaran, Bar",1037276,Sari Ater Kamboti Hotel Bandung,Sari Ater Kamboti Hotel Bandung,-6.88320499924914,107.5796914100647
1,Bandung,236,d'primahotel Bandung,"Sukajadi, Bandung",3.0,6503.0,Antar-jemput bandara,4160000,d'primahotel Bandung,d'primahotel Bandung,-6.886018,107.596367
1,Bandung,235,Zest Hotel Sukajadi Bandung,"Sukajadi, Bandung",3.0,7151.0,"Layanan pijat, Aksesibel bagi penyandang disabilitas, Spa",861555,Zest Hotel Sukajadi Bandung,Zest Hotel Sukajadi Bandung,-6.895187907438221,107.59748137301632
1,Bandung,177,Sensa Hotel Bandung,"Cihampelas, Bandung",4.0,3133.0,Spa,1654667,Sensa Hotel Bandung,Sensa Hotel Bandung,-6.8946953,107.6053673
1,Bandung,242,ibis Bandung Pasteur,"Pasteur, Bandung",3.0,5186.0,Check-out ekspress,923319,ibis Bandung Pasteur,ibis Bandung Pasteur,-6.899887,107.59606
1,Bandung,37,Clove Garden Hotel & Residence,"Dago, Bandung",4.0,14893.0,Aksesibel bagi penyandang disabilitas,2135300,Clove Garden Hotel & Residence,Clove Garden Hotel & Residence,-6.873058413514878,107.64264427249144
1,Bandung,190,"Sukajadi Hotel, Convention and Gallery","Sukajadi, Bandung",3.0,4836.0,"Tenda di tepi kolam, Fasilitas bisnis, Aksesibel bagi penyandang disabilitas, Kursi berjemur tepi kolam, Pusat kebugaran",846667,"Sukajadi Hotel, Convention and Gallery","Sukajadi Hotel, Convention and Gallery",-6.885653,107.59695899999996
1,Bandung,43,De Paviljoen Bandung,"Jalan Riau, Bandung",4.0,4384.0,"Pengering pakaian, Dapur kecil, Pusat kebugaran",2000000,De Paviljoen Bandung,De Paviljoen Bandung,-6.905833,107.620601
1,Bandung,35,Cinnamon Hotel Boutique Syariah,"Setiabudi, Bandung",4.0,1616.0,Check-out ekspress,2868772,Cinnamon Hotel Boutique Syariah,Cinnamon Hotel Boutique Syariah,-6.858609,107.59508
1,Bandung,72,Grand Sunshine Resort and Convention,"Pamekaran, Bandung",4.0,1131.0,"Badminton, Aerobik, Bar, Tennis, Bilyar, Aksesibel bagi penyandang disabilitas, Pusat kebugaran, Bar",3400000,Grand Sunshine Resort and Convention,Grand Sunshine Resort and Convention,-7.0253776,107.5286853
2,Jakarta,196,Swiss-Belinn Kemayoran,"Kemayoran, Jakarta",3.0,3549.0,"Bayar saat Check-in, Layanan pijat, Pusat kebugaran, Aksesibel bagi penyandang disabilitas, Spa, Pusat kebugaran, Bar",822500,Swiss-Belinn Kemayoran,Swiss-Belinn Kemayoran,-6.1493974,106.850211
2,Jakarta,142,Mandarin Oriental Jakarta,"Thamrin, Jakarta",5.0,1140.0,"Winery, Pusat kebugaran, Fasilitas bisnis, Bar di kolam renang, Aksesibel bagi penyandang disabilitas, Check-out ekspress, Pusat kebugaran, Bar",8518400,Mandarin Oriental Jakarta,Mandarin Oriental Jakarta,-6.1961069,106.82364080000002
2,Jakarta,9,Aloft Jakarta Wahid Hasyim,"Kebon Sirih, Jakarta",4.0,1002.0,"Limosin/mobil, Pusat kebugaran, Bilyar, Aksesibel bagi penyandang disabilitas, Pusat kebugaran, Bar",1863400,Aloft Jakarta Wahid Hasyim,Aloft Jakarta Wahid Hasyim,-6.186723,106.827273
2,Jakarta,23,Ashley Tanah Abang,"Tanah Abang, Jakarta",0.0,275.0,"Pusat kebugaran, Antar-jemput bandara, Pusat kebugaran",1940888,Ashley Tanah Abang,Ashley Tanah Abang,-6.186250433648075,106.81736481779473
2,Jakarta,84,Hariston Hotel & Suites,"Pluit, Jakarta",4.0,4297.0,Bar,1428500,Hariston Hotel & Suites,Hariston Hotel & Suites,-6.137193,106.787725
2,Jakarta,220,The St. Regis Jakarta,"Kuningan, Jakarta",5.0,2.0,"Tenda di tepi kolam, Paket proposal romantis, Bar di kolam renang, Payung pantai, Spa, Pusat kebugaran, Bar, OTHER",8772500,The St. Regis Jakarta,The St. Regis Jakarta,-6.206046,106.827499
2,Jakarta,19,Arimbi Pejaten Suites,"Ragunan, Jakarta",3.0,2234.0,"Bayar saat Check-in, Pusat kebugaran, Pusat kebugaran",437000,Arimbi Pejaten Suites,Arimbi Pejaten Suites,-6.277947,106.826923
2,Jakarta,73,Grand Tjokro Jakarta,"Tanjung Duren, Jakarta",4.0,7868.0,"Sewa mobil, Pusat kebugaran, Spa, Bar",1083333,Grand Tjokro Jakarta,Grand Tjokro Jakarta,-6.165725,106.78167
2,Jakarta,222,The Sultan Hotel & Residence Jakarta,"Senayan, Jakarta",5.0,7247.0,"Bayar saat Check-in, Restoran show cooking, Winery, Dapur kecil, Fasilitas bisnis, Aksesibel bagi penyandang disabilitas, Check-out ekspress, Bar",2391767,The Luxton Bandung,The Luxton Bandung,-6.903839,107.611357
2,Jakarta,183,Shangri-La Jakarta,"Karet Tengsin, Jakarta",5.0,2262.0,"Akses ke water park, Toko/pusat belanja, Lapangan tennis outdoor, Bar di kolam renang, Payung pantai, Pusat kebugaran, Bar, OTHER",5320178,Shangri-La Jakarta,Shangri-La Jakarta,-6.202312,106.818753
2,Jakarta,172,Royal Kuningan Hotel,"Rasuna Said, Jakarta",4.0,6678.0,"Aksesibel bagi penyandang disabilitas, Check-out ekspress",3078126,Royal Kuningan Hotel,Royal Kuningan Hotel,-6.206681,106.830269
2,Jakarta,138,Lumire Hotel & Convention Center,"Senen, Jakarta",4.0,8924.0,"Layanan pijat, Pusat kebugaran, Bilyar, Aksesibel bagi penyandang disabilitas, Sauna, Check-out ekspress, Pusat kebugaran, Bar",1016667,Lumire Hotel & Convention Center,Lumire Hotel & Convention Center,-6.1759450247056895,106.84034395092624
2,Jakarta,203,Teraskita Hotel Jakarta managed by Dafam,"Cawang, Jakarta",4.0,9335.0,"Restoran show cooking, Layanan pijat, Antar-jemput bandara, Aksesibel bagi penyandang disabilitas, Spa, Bar",1940000,Teraskita Hotel Jakarta managed by Dafam,Teraskita Hotel Jakarta managed by Dafam,-6.245687,106.87465
2,Jakarta,151,Millennium Hotel Sirih Jakarta,"Tanah Abang, Jakarta",4.0,4969.0,"Transportasi ke pusat perbelanjaan, Sewa mobil, Aksesibel bagi penyandang disabilitas",1143853,Millennium Hotel Sirih Jakarta,Millennium Hotel Sirih Jakarta,-6.182667002467954,106.81670638161472
2,Jakarta,186,Sheraton Grand Jakarta Gandaria City Hotel,"Kebayoran Lama Utara, Jakarta",5.0,1579.0,"Restoran show cooking, Winery, Sewa mobil, Fasilitas bisnis, Antar-jemput bandara, Aksesibel bagi penyandang disabilitas, Check-out ekspress, Bar",3319433,Sheraton Grand Jakarta Gandaria City Hotel,Sheraton Grand Jakarta Gandaria City Hotel,-6.2452633,106.7830351
2,Jakarta,45,DoubleTree by Hilton Jakarta - Diponegoro,"Cikini, Jakarta",5.0,3244.0,"Area main anak, Klub anak, Pusat kebugaran, Bar di kolam renang, Aksesibel bagi penyandang disabilitas, Check-out ekspress, Pusat kebugaran, Bar",3009019,DoubleTree by Hilton Jakarta - Diponegoro,DoubleTree by Hilton Jakarta - Diponegoro,-6.198831,106.843069
2,Jakarta,105,Hotel Ciputra Jakarta managed by Swiss-Belhotel International,"Tanjung Duren, Jakarta",4.0,9261.0,"Bayar saat Check-in, Layanan pijat, Bar di kolam renang, Pusat kebugaran, Bar",1463000,Hotel Ciputra Jakarta managed by Swiss-Belhotel International,Hotel Ciputra Jakarta managed by Swiss-Belhotel International,-6.168121,106.786498
2,Jakarta,31,Best Western Premier The Hive,"Cawang, Jakarta",5.0,11091.0,"Restoran show cooking, Winery, Layanan pijat, Pusat kebugaran, Bar di kolam renang, Perpustakaan, Check-out ekspress, Bar",1133333,Best Western Premier The Hive,Best Western Premier The Hive,-6.245033,106.875336
2,Jakarta,10,Aloft South Jakarta,"Cilandak Timur, Jakarta",4.0,467.0,"Bar, Sewa mobil, Pusat kebugaran, Bilyar, Bar di kolam renang, Bar",1294700,Aloft South Jakarta,Aloft South Jakarta,-6.291784031,106.8162942
2,Jakarta,211,"The Langham, Jakarta","Senayan, Jakarta",5.0,340.0,"Restoran show cooking, Aktivitas outdoor, Klub kesehatan, Pusat kebugaran, Fasilitas bisnis, Sauna, Pusat kebugaran, Bar",7830031,"The Langham, Jakarta","The Langham, Jakarta",-6.227097,106.8063958
2,Jakarta,120,"Hotel Mulia Senayan, Jakarta","Senayan, Jakarta",5.0,1540.0,"Bar, Tennis, Fasilitas bisnis, Lapangan tennis outdoor, Bar di kolam renang, Aksesibel bagi penyandang disabilitas, Check-out ekspress, Pusat kebugaran",5445000,"Hotel Mulia Senayan, Jakarta","Hotel Mulia Senayan, Jakarta",-6.215131,106.797045
2,Jakarta,5,ASTON Priority Simatupang & Conference Center,"Kebagusan, Jakarta",4.0,7246.0,"Layanan pijat, Antar-jemput bandara, Spa, Bar",1314463,ASTON Priority Simatupang & Conference Center,ASTON Priority Simatupang & Conference Center,-6.301503,106.834503
2,Jakarta,148,Merlynn Park Hotel,"Petojo Utara, Jakarta",5.0,19249.0,"Tanda khusus bagi tuna netra, Klub kesehatan, Layanan pijat, Pusat kebugaran, Fasilitas bisnis, Aksesibel bagi penyandang disabilitas, Pusat kebugaran, Bar",1550000,Merlynn Park Hotel,Merlynn Park Hotel,-6.165894,106.815414
2,Jakarta,22,Ascott Sudirman Jakarta,"Karet Semanggi, Jakarta",5.0,2200.0,"Pusat kebugaran, Fasilitas bisnis, Antar-jemput bandara, Pusat kebugaran",3658560,Ascott Sudirman Jakarta,Ascott Sudirman Jakarta,-6.2215855,106.81968129999996
2,Jakarta,209,"The Hermitage, a Tribute Portfolio Hotel, Jakarta","Menteng, Jakarta",5.0,369.0,"Karaoke, Handuk pantai, Layanan pijat, Pusat kebugaran, Teras rooftop, Fasilitas bisnis, Bar di kolam renang, Bar",4460060,"The Hermitage, a Tribute Portfolio Hotel, Jakarta","The Hermitage, a Tribute Portfolio Hotel, Jakarta",-6.198188,106.838031
2,Jakarta,147,Mercure Convention Center Ancol,"Ancol, Jakarta",4.0,7570.0,"Area main anak, Check-out ekspress",3648333,Mercure Convention Center Ancol - CHSE Certified,Mercure Convention Center Ancol - CHSE Certified,-6.122196,106.836323
2,Jakarta,104,Hotel Borobudur Jakarta,"Pasar Baru, Jakarta",5.0,7103.0,"Badminton, Aerobik, Winery, Fasilitas bisnis, Bar di kolam renang, Aksesibel bagi penyandang disabilitas, Check-out ekspress, Bar",2572001,Hotel Borobudur Jakarta,Hotel Borobudur Jakarta,-6.172478,106.83579
2,Jakarta,44,Discovery Ancol,"Ancol, Jakarta",4.0,5754.0,"Ruang santai, Area main anak, Klub anak, Layanan pijat, Pusat kebugaran, Aksesibel bagi penyandang disabilitas, Spa, Pusat kebugaran",2691667,Discovery Ancol,Discovery Ancol,-6.125865,106.830982
2,Jakarta,232,Yuan Garden Pasar Baru,"Pasar Baru, Jakarta",4.0,3213.0,"Aerobik, Winery, Layanan pijat, Pusat kebugaran, Bar di kolam renang, Aksesibel bagi penyandang disabilitas, Pusat kebugaran, Bar",1105333,Yuan Garden Pasar Baru,Yuan Garden Pasar Baru,-6.163203600688937,106.83275252580644
2,Jakarta,119,Hotel Menara Peninsula,"Slipi, Jakarta",4.0,9253.0,"Kolam air panas outdoor, Layanan pijat, Pusat kebugaran, Bar di kolam renang, Aksesibel bagi penyandang disabilitas, Sauna, Pusat kebugaran, Bar",1006000,Menara Peninsula Hotel Jakarta,Menara Peninsula Hotel Jakarta,-6.189983,106.797909
2,Jakarta,219,"The Ritz-Carlton Jakarta, Pacific Place Hotel","Senayan, Jakarta",5.0,483.0,"Aerobik, Winery, Pusat kebugaran, Fasilitas bisnis, Aksesibel bagi penyandang disabilitas, Check-out ekspress, Pusat kebugaran, Bar",8167500,"The Ritz-Carlton Jakarta, Pacific Place Hotel","The Ritz-Carlton Jakarta, Pacific Place Hotel",-6.223285,106.809681
2,Jakarta,61,Grand Hyatt Jakarta,"Thamrin, Jakarta",5.0,2059.0,"Jacuzzi, Tennis, Layanan pijat, Lapangan tennis outdoor, Bar di kolam renang, Sauna, Pusat kebugaran, Bar",9377500,Grand Hyatt Jakarta,Grand Hyatt Jakarta,-6.192628300000001,106.82246199999996
2,Jakarta,34,Century Park Hotel,"Senayan, Jakarta",4.0,6830.0,"Penitipan anak, Sewa mobil, Layanan pijat, Lapangan tennis outdoor, Bar di kolam renang, Aksesibel bagi penyandang disabilitas, Check-out ekspress, Bar",2160000,Century Park Hotel,Century Park Hotel,-6.223261201271582,106.8029623920654
2,Jakarta,65,Grand Mercure Jakarta Harmoni,"Harmoni, Jakarta",5.0,1627.0,Check-out ekspress,1402847,Grand Mercure Jakarta Harmoni,Grand Mercure Jakarta Harmoni,-6.160168,106.81966
2,Jakarta,143,Manhattan Hotel Jakarta,"Rasuna Said, Jakarta",5.0,8621.0,"Tanda khusus bagi tuna netra, Dapur kecil, Pusat kebugaran, Fasilitas bisnis, Aksesibel bagi penyandang disabilitas, Sauna, Pusat kebugaran, Bar",2721667,Manhattan Hotel Jakarta,Manhattan Hotel Jakarta,-6.225193013149259,106.83132114484404
2,Jakarta,127,InterContinental Hotels JAKARTA PONDOK INDAH,"Pondok Indah, Jakarta",5.0,1455.0,"Pusat kebugaran, Bar",5457407,InterContinental Hotels JAKARTA PONDOK INDAH,InterContinental Hotels JAKARTA PONDOK INDAH,-6.264619,106.782179
2,Jakarta,198,Swiss-Belinn Simatupang Jakarta,"Lebak Bulus, Jakarta",3.0,7329.0,"Bar, Sewa mobil, Layanan pijat, Pusat kebugaran, Antar-jemput bandara, Spa, Pusat kebugaran, Bar",976667,Swiss-Belinn Simatupang Jakarta,Swiss-Belinn Simatupang Jakarta,-6.291379,106.779478
2,Jakarta,244,ibis Styles Jakarta Airport,"Benda, Jakarta",3.0,4157.0,Check-out ekspress,714141,ibis Styles Jakarta Airport,ibis Styles Jakarta Airport,-6.115917,106.683062
2,Jakarta,114,Hotel Dharmein,"Melawai, Jakarta",3.0,3116.0,"Teras rooftop, Bar",583333,Hotel Dharmein,Hotel Dharmein,-6.243422499999999,106.7986681
2,Jakarta,193,Swiss-Belhotel Airport Jakarta,"Benda, Jakarta",4.0,2222.0,Antar-jemput bandara,911668,Swiss-Belhotel Airport Jakarta,Swiss-Belhotel Airport Jakarta,-6.113721,106.686955
2,Jakarta,3,ASTON Kartika Grogol Hotel & Conference Center,"Grogol, Jakarta",4.0,3896.0,"Layanan pijat, Pusat kebugaran, Spa, Pusat kebugaran, Bar",1784460,ASTON Kartika Grogol Hotel & Conference Center,ASTON Kartika Grogol Hotel & Conference Center,-6.16686899614645,106.79213986011882
2,Jakarta,218,"The Ritz-Carlton Jakarta, Mega Kuningan","Kuningan, Jakarta",5.0,2884.0,"Restoran show cooking, Ruang santai, Bar, Bilyar, Fasilitas bisnis, Aksesibel bagi penyandang disabilitas, Check-out ekspress, Bar",3323467,"The Ritz-Carlton Jakarta, Mega Kuningan","The Ritz-Carlton Jakarta, Mega Kuningan",-6.2285397,106.82717449999996
2,Jakarta,66,Grand Mercure Jakarta Kemayoran,"Gunung Sahari, Jakarta",5.0,3438.0,"Penitipan anak, Check-out ekspress",1582680,Grand Mercure Jakarta Kemayoran,Grand Mercure Jakarta Kemayoran,-6.1536,106.849698
2,Jakarta,200,Swiss-Belresidences Kalibata,"Kalibata, Jakarta",4.0,8523.0,"Aerobik, Bar, Area main anak, Fasilitas bisnis, Bar di kolam renang, Aksesibel bagi penyandang disabilitas, Pusat kebugaran, Bar",911667,Swiss-Belresidences Kalibata,Swiss-Belresidences Kalibata,-6.255345,106.855782
2,Jakarta,87,Harris Tebet Jakarta,"Manggarai Selatan, Jakarta",4.0,5101.0,"Bar, Area main anak, Layanan pijat, Pusat kebugaran, Bilyar, Sauna, Pusat kebugaran, Bar",1011000,Harris Tebet Jakarta,Harris Tebet Jakarta,-6.222914,106.848124
2,Jakarta,56,Grand Dafam Ancol Jakarta,"Ancol, Jakarta",4.0,434.0,"Area main anak, Layanan pijat, Dapur kecil, Pusat kebugaran, Bilyar, Bar di kolam renang, Pusat kebugaran, Bar",1786667,Grand Dafam Ancol Jakarta,Grand Dafam Ancol Jakarta,-6.1297622,106.829628
2,Jakarta,88,Harris Vertu Hotel Harmoni,"Harmoni, Jakarta",5.0,3749.0,"Layanan pijat, Pusat kebugaran, Spa, Bar",1468900,Harris Vertu Hotel Harmoni,Harris Vertu Hotel Harmoni,-6.164290999999999,106.820607
2,Jakarta,178,Sentral Cawang Hotel,"Cawang, Jakarta",3.0,7369.0,"Layanan pijat, Aksesibel bagi penyandang disabilitas, Bar",580500,Sentral Cawang Hotel,Sentral Cawang Hotel,-6.246891999999999,106.872668
2,Jakarta,75,Grand Tropic Suites Hotel,"Tanjung Duren, Jakarta",4.0,5554.0,"Tennis meja, Area main anak, Pusat kebugaran, Sauna, Pusat kebugaran",1223333,Grand Tropic Suites Hotel,Grand Tropic Suites Hotel,-6.171492499999999,106.7876258
2,Jakarta,199,Swiss-Belinn Wahid Hasyim,"Kebon Kacang, Jakarta",3.0,895.0,"Jemputan stasiun kereta, Layanan pijat, Antar-jemput bandara, Check-out ekspress, Bar",1160000,Swiss-Belinn Wahid Hasyim,Swiss-Belinn Wahid Hasyim,-6.187239399999999,106.8208767
2,Jakarta,93,Holiday Inn Express JAKARTA WAHID HASYIM,"Kebon Kacang, Jakarta",3.0,3537.0,"Tennis, Pusat kebugaran, Bar",1568180,Holiday Inn Express JAKARTA WAHID HASYIM,Holiday Inn Express JAKARTA WAHID HASYIM,-6.187198,106.821936
2,Jakarta,4,ASTON Pluit Hotel & Residence,"Pluit, Jakarta",4.0,5915.0,"Layanan pijat, Pusat kebugaran, Antar-jemput bandara, Spa, Pusat kebugaran, Bar",1068280,ASTON Pluit Hotel & Residence,ASTON Pluit Hotel & Residence,-6.12443,106.795115
2,Jakarta,16,Ambhara Hotel,"Melawai, Jakarta",4.0,4857.0,Bar,968000,Ambhara Hotel,Ambhara Hotel,-6.243213889,106.8034194
2,Jakarta,76,Grand Whiz Poins Simatupang Jakarta,"Lebak Bulus, Jakarta",4.0,9148.0,"Sewa mobil, Layanan pijat, Pusat kebugaran, Aksesibel bagi penyandang disabilitas, Sauna, Spa, Pusat kebugaran",857813,Grand Whiz Poins Simatupang Jakarta,Grand Whiz Poins Simatupang Jakarta,-6.289882,106.77765899999996
2,Jakarta,170,Redtop Hotel & Convention Center,"Pecenongan, Jakarta",4.0,4209.0,"Bayar saat Check-in, Restoran show cooking, Bar, Fasilitas bisnis, Bar di kolam renang, Aksesibel bagi penyandang disabilitas, Check-out ekspress, Bar",1213451,Redtop Hotel & Convention Center,Redtop Hotel & Convention Center,-6.163276663123464,106.82683223677066
2,Jakarta,47,Fairmont Jakarta,"Senayan, Jakarta",5.0,1045.0,"Penitipan anak, Check-out ekspress",6473500,Fairmont Jakarta,Fairmont Jakarta,-6.221751,106.798688
2,Jakarta,122,Hotel Santika Premiere Slipi Jakarta,"Slipi, Jakarta",4.0,6308.0,Aksesibel bagi penyandang disabilitas,1316667,Hotel Santika Premiere Slipi Jakarta,Hotel Santika Premiere Slipi Jakarta,-6.198277,106.802312
2,Jakarta,92,Holiday Inn Express JAKARTA PLUIT CITYGATE,"Pluit, Jakarta",3.0,5158.0,Pusat kebugaran,1055112,Holiday Inn Express JAKARTA PLUIT CITYGATE,Holiday Inn Express JAKARTA PLUIT CITYGATE,-6.127151,106.79044
2,Jakarta,194,Swiss-Belhotel Pondok Indah,"Pondok Indah, Jakarta",4.0,4538.0,"Sewa mobil, Layanan pijat, Pusat kebugaran, Aksesibel bagi penyandang disabilitas, Spa, Pusat kebugaran, Bar",1423333,Swiss-Belhotel Pondok Indah,Swiss-Belhotel Pondok Indah,-6.28759,106.779704
2,Jakarta,21,Aryaduta Suite Semanggi,"Karet Semanggi, Jakarta",4.0,4882.0,"Squash, Area main anak, Tennis, Layanan pijat, Dapur kecil, Pusat kebugaran, Sauna, Bar",2400787,Aryaduta Suite Semanggi,Aryaduta Suite Semanggi,-6.219991301063097,106.81611743684005
2,Jakarta,54,Gran Melia Jakarta,"Kuningan, Jakarta",5.0,1759.0,"Jacuzzi, Klub malam, Layanan pijat, Pusat kebugaran, Aksesibel bagi penyandang disabilitas, Sauna, Pusat kebugaran, Bar",2259278,Gran Melia Jakarta,Gran Melia Jakarta,-6.2345030560441215,106.83007767857362
2,Jakarta,136,Le Meridien Jakarta,"Sudirman, Jakarta",5.0,377.0,"Klub malam, Penitipan anak, Antar-jemput bandara, Sauna, Spa",2420000,Le Meridien Jakarta,Le Meridien Jakarta,-6.2133933,106.81866790000004
2,Jakarta,116,Hotel Gren Alia Jakarta,"Senen, Jakarta",3.0,2906.0,Aksesibel bagi penyandang disabilitas,841667,Hotel Gren Alia Jakarta,Hotel Gren Alia Jakarta,-6.180881,106.838203
2,Jakarta,169,Ra Suites Simatupang,"Cilandak Barat, Jakarta",5.0,68.0,"Transportasi ke pusat perbelanjaan, Winery, Jemputan stasiun kereta, Teras rooftop, Fasilitas bisnis, Aksesibel bagi penyandang disabilitas, Pusat kebugaran, Bar",1625000,Ra Suites Simatupang,Ra Suites Simatupang,-6.291939699999999,106.7960524
3,Semarang,227,Wimarion Hotel Semarang,"Candisari, Semarang",4.0,2494.0,"Bayar saat Check-in, Winery, Teras rooftop, Fasilitas bisnis, Aksesibel bagi penyandang disabilitas, Check-out ekspress, Pusat kebugaran, Bar",1540000,Wimarion Hotel Semarang,Wimarion Hotel Semarang,-7.007911018174739,110.41825745254756
3,Semarang,149,Metro Park View Hotel,"Semarang Tengah, Semarang",4.0,8886.0,"Bersepeda atau bersepeda gunung, Tennis meja, Area main anak, Klub anak, Fasilitas bisnis, Aksesibel bagi penyandang disabilitas, Pusat kebugaran, Bar",1962188,Metro Park View Hotel,Metro Park View Hotel,-6.971200199999999,110.4232794
3,Semarang,112,Hotel Dafam Semarang,"Semarang Tengah, Semarang",4.0,6323.0,"Tennis meja, Layanan pijat, Pusat kebugaran, Antar-jemput bandara, Jacuzzi, Spa, Pusat kebugaran, Bar",1250000,Hotel Dafam Semarang,Hotel Dafam Semarang,-6.979482,110.411366
3,Semarang,162,Plaza Hotel Semarang,"Banyumanik, Semarang",3.0,2157.0,"Aktivitas outdoor, Karaoke, Area main anak, Area berpayung",496750,Plaza Hotel Semarang,Plaza Hotel Semarang,-7.04765040503779,110.419879078865
3,Semarang,68,Grand Panorama Hotel,"Bandungan, Semarang",1.0,1349.0,Pusat kebugaran,438000,Grand Panorama Hotel,Grand Panorama Hotel,-7.204250616736443,110.39090657867094
3,Semarang,79,Gumaya Tower Hotel Semarang,"Semarang Tengah, Semarang",5.0,4521.0,"Golf mini, Restoran show cooking, Area main anak, Layanan pijat, Pusat kebugaran, Sauna, Spa, Bar",2433333,Gumaya Tower Hotel Semarang,Gumaya Tower Hotel Semarang,-6.977311,110.420059
3,Semarang,11,Amanda Hills Bandungan,"Bandungan, Semarang",3.0,3052.0,"Volley, Restoran show cooking, Bersepeda atau bersepeda gunung, Tennis, Ruangan game, Lapangan tennis outdoor, Aksesibel bagi penyandang disabilitas, Check-out ekspress",708333,Amanda Hills Bandungan,Amanda Hills Bandungan,-7.219995,110.360637
3,Semarang,106,Hotel Ciputra Semarang managed by Swiss-Belhotel International,"Semarang Tengah, Semarang",5.0,7507.0,"Layanan pijat, Pusat kebugaran, Spa, Bar",2181667,Hotel Ciputra Semarang managed by Swiss-Belhotel International,Hotel Ciputra Semarang managed by Swiss-Belhotel International,-6.988595,110.423799
3,Semarang,55,Grand Candi Hotel Semarang,"Candisari, Semarang",5.0,3942.0,"Aerobik, Tennis meja, Fasilitas bisnis, Lapangan tennis outdoor, Bar di kolam renang, Aksesibel bagi penyandang disabilitas, Pusat kebugaran, Bar",2700000,Grand Candi Hotel Semarang,Grand Candi Hotel Semarang,-7.016298,110.422818
3,Semarang,95,Horison Kota Lama Semarang,"Semarang Timur, Semarang",3.0,4984.0,"Bar, Teras rooftop, Check-out ekspress, Bar",1104300,Horison Kota Lama Semarang,Horison Kota Lama Semarang,-6.969023,110.431358
3,Semarang,163,Po Hotel (FKA Crowne Plaza Semarang),"Semarang Tengah, Semarang",5.0,2265.0,"Tanda khusus bagi tuna netra, Sewa mobil, Pusat kebugaran, Antar-jemput bandara, Aksesibel bagi penyandang disabilitas, Spa, Pusat kebugaran",25296000,Po Hotel (FKA Crowne Plaza Semarang),Po Hotel (FKA Crowne Plaza Semarang),-6.9786231,110.41565709999998
3,Semarang,208,The Azana Hotel Airport Semarang,"Semarang Barat, Semarang",4.0,1094.0,"Karaoke, Teras rooftop, Antar-jemput bandara, Aksesibel bagi penyandang disabilitas, Spa, Bar",1058148,The Azana Hotel Airport Semarang,The Azana Hotel Airport Semarang,-6.9850258,110.38479559999996
3,Semarang,36,Citrip Hotel Simpang Lima (FKA CityOne),"Semarang Tengah, Semarang",2.0,1593.0,"Sewa mobil, Layanan pijat, Spa",822000,Citrip Hotel Simpang Lima (FKA CityOne),Citrip Hotel Simpang Lima (FKA CityOne),-6.989578,110.427384
3,Semarang,33,Candiview Hotel Semarang,"Gajahmungkur, Semarang",2.0,4643.0,"Antar-jemput bandara, Bar",808333,Candiview Hotel Semarang,Candiview Hotel Semarang,-7.002187,110.409583
3,Semarang,113,Hotel Dalu Semarang,"Pedurungan, Semarang",2.0,1743.0,"Jemputan stasiun kereta, Antar-jemput bandara, Aksesibel bagi penyandang disabilitas",438800,Hotel Dalu Semarang,Hotel Dalu Semarang,-7.006575937467707,110.45753002166748
3,Semarang,115,Hotel Grasia,"Gajahmungkur, Semarang",3.0,3020.0,"Restoran show cooking, Jemputan stasiun kereta, Fasilitas bisnis, Antar-jemput bandara, Aksesibel bagi penyandang disabilitas",1100789,Hotel Grasia,Hotel Grasia,-7.004583,110.409617
3,Semarang,121,Hotel Pantes Candi Simpang Lima,"Candisari, Semarang",1.0,1490.0,"Jemputan stasiun kereta, Kursi berjemur, Aksesibel bagi penyandang disabilitas, Check-out ekspress",652667,Hotel Pantes Candi Simpang Lima,Hotel Pantes Candi Simpang Lima,-7.0097864,110.4254407
3,Semarang,52,Golden City Hotel and Convention Center,"Kota Lama, Semarang",4.0,708.0,"Antar-jemput bandara, Pusat kebugaran, Bar",1399000,Golden City Hotel and Convention Center,Golden City Hotel and Convention Center,-6.967673,110.430668
4,Surabaya,166,Prime Royal Boutique Hotel Surabaya,"Sawahan, Surabaya",3.5,5167.0,"Bayar saat Check-in, Check-out ekspress",463332,Prime Royal Boutique Hotel Surabaya,Prime Royal Boutique Hotel Surabaya,-7.256423,112.729788
4,Surabaya,100,Hotel 88 Embong Kenongo (Kayoon),"Genteng, Surabaya",2.0,8615.0,Aksesibel bagi penyandang disabilitas,372000,Hotel 88 Embong Kenongo (Kayoon),Hotel 88 Embong Kenongo (Kayoon),-7.26569,112.746429
4,Surabaya,101,Hotel 88 Embong Malang,"Tegalsari, Surabaya",3.0,6898.0,Sewa mobil,516667,Hotel 88 Embong Malang,Hotel 88 Embong Malang,-7.258329,112.7336
4,Surabaya,234,Zest Hotel Jemursari,"Tenggilis Mejoyo, Surabaya",2.0,10975.0,"Bayar saat Check-in, Aksesibel bagi penyandang disabilitas",466666,Zest Hotel Jemursari,Zest Hotel Jemursari,-7.3118308,112.75766240000009
4,Surabaya,157,POP! Hotel Diponegoro Surabaya,"Wonokromo, Surabaya",2.0,12272.0,Aksesibel bagi penyandang disabilitas,388667,POP! Hotel Diponegoro Surabaya,POP! Hotel Diponegoro Surabaya,-7.293074,112.737128
4,Surabaya,159,POP! Hotel Stasiun Kota Surabaya,"Pabean Cantikan, Surabaya",2.0,8040.0,"Layanan pijat, Aksesibel bagi penyandang disabilitas",340960,POP! Hotel Stasiun Kota Surabaya,POP! Hotel Stasiun Kota Surabaya,-7.2411942,112.742412
4,Surabaya,173,Royal Tulip Darmo Surabaya,"Tegalsari, Surabaya",5.0,258.0,Pusat kebugaran,1293925,Royal Tulip Darmo Surabaya,Royal Tulip Darmo Surabaya,-7.286353999999999,112.7382145
4,Surabaya,81,HARRIS Hotel & Conventions Bundaran Satelit Surabaya,"Sukomanunggal, Surabaya",4.0,1554.0,"Pengering pakaian, Area main anak, Layanan pijat, Pusat kebugaran, Bar di kolam renang, Aksesibel bagi penyandang disabilitas, Spa, Pusat kebugaran",795333,HARRIS Hotel & Conventions Bundaran Satelit Surabaya,HARRIS Hotel & Conventions Bundaran Satelit Surabaya,-7.286392,112.702544
4,Surabaya,117,Hotel Gunawangsa MERR,"Rungkut, Surabaya",3.0,13560.0,"Pusat kebugaran, Aksesibel bagi penyandang disabilitas",714667,Hotel Gunawangsa MERR,Hotel Gunawangsa MERR,-7.311311225578559,112.78154821593851
4,Surabaya,153,Neo+ Waru Sidoarjo by ASTON,"Waru, Surabaya",3.0,3490.0,"Layanan pijat, Bar",530400,Neo+ Waru Sidoarjo by ASTON,Neo+ Waru Sidoarjo by ASTON,-7.359070200000001,112.72902269999996
4,Surabaya,192,Surabaya Suites Hotel Powered by Archipelago,"Genteng, Surabaya",4.0,8509.0,"Jacuzzi, Layanan pijat, Pusat kebugaran, Aksesibel bagi penyandang disabilitas, Sauna, Spa, Pusat kebugaran, Bar",1012300,Surabaya Suites Hotel Powered by Archipelago,Surabaya Suites Hotel Powered by Archipelago,-7.26367860198551,112.748466432095
4,Surabaya,197,Swiss-Belinn Manyar Surabaya,"Mulyorejo, Surabaya",3.0,5808.0,"Bayar saat Check-in, Layanan pijat, Aksesibel bagi penyandang disabilitas, Spa, Bar",878333,Swiss-Belinn Manyar Surabaya,Swiss-Belinn Manyar Surabaya,-7.28075,112.770375
4,Surabaya,103,Hotel Aria Centra Surabaya,"Genteng, Surabaya",4.0,7348.0,"Sewa mobil, Layanan pijat, Spa",1225000,Hotel Aria Centra Surabaya,Hotel Aria Centra Surabaya,-7.267606799999999,112.74367329999995
4,Surabaya,7,Alimar Premier Hotel,"Mulyorejo, Surabaya",3.0,1832.0,"Restoran show cooking, Teras rooftop, Bar di kolam renang, Aksesibel bagi penyandang disabilitas, Bar",2090000,Alimar Premier Hotel,Alimar Premier Hotel,-7.271114,112.781738
4,Surabaya,102,Hotel 88 Kedungsari (Kedungdoro),"Tegalsari, Surabaya",2.0,5165.0,"Sewa mobil, Aksesibel bagi penyandang disabilitas",455000,Hotel 88 Kedungsari (Kedungdoro),Hotel 88 Kedungsari (Kedungdoro),-7.266139727700091,112.73152124136686
4,Surabaya,246,ibis budget Surabaya Airport,"Sedati, Surabaya",2.0,6972.0,Penitipan anak,454999,ibis Budget Surabaya Airport,ibis Budget Surabaya Airport,-7.375076,112.794022
4,Surabaya,144,MaxOneHotels.com @ Dharmahusada - Surabaya,"Gubeng, Surabaya",3.0,5484.0,"Bar, Transportasi ke pusat perbelanjaan, Sewa mobil, Layanan pijat, Antar-jemput bandara, Check-out ekspress, Bar",525000,MaxOneHotels.com @ Dharmahusada - Surabaya,MaxOneHotels.com @ Dharmahusada - Surabaya,-7.267384,112.771152
4,Surabaya,30,Best Western Papilio Hotel,"Wonokromo, Surabaya",4.0,13020.0,"Layanan pijat, Pusat kebugaran, Aksesibel bagi penyandang disabilitas, Check-out ekspress",985360,Best Western Papilio Hotel,Best Western Papilio Hotel,-7.331106199999998,112.72998329999996
4,Surabaya,29,Bekizaar Hotel Surabaya,"Genteng, Surabaya",3.0,6978.0,"Penitipan anak, Sewa mobil, Layanan pijat, Check-out ekspress",655528,Bekizaar Hotel Surabaya,Bekizaar Hotel Surabaya,-7.2636,112.741243
4,Surabaya,83,Halogen Hotel Airport Surabaya,"Sedati, Surabaya",3.0,2477.0,"Bayar saat Check-in, Karaoke, Sewa mobil, Layanan pijat, Antar-jemput bandara, Aksesibel bagi penyandang disabilitas, Spa, Bar",380000,Halogen Hotel Airport Surabaya,Halogen Hotel Airport Surabaya,-7.371703,112.761063
4,Surabaya,27,BATIQA Hotel Darmo - Surabaya,"Wonokromo, Surabaya",3.0,2206.0,"Restoran show cooking, Layanan pijat, Pusat kebugaran, Bar",690000,BATIQA Hotel Darmo - Surabaya,BATIQA Hotel Darmo - Surabaya,-7.294285813472827,112.74061732817232
4,Surabaya,134,La Lisa Hotel Surabaya,"Gubeng, Surabaya",3.5,3222.0,"Bayar saat Check-in, Aktivitas outdoor, Sewa mobil, Spa",973333,La Lisa Hotel Surabaya,La Lisa Hotel Surabaya,-7.305143,112.761975
4,Surabaya,156,Novotel Surabaya - Hotel & Suites,"Wonokromo, Surabaya",4.0,4239.0,Area main anak,1341274,Novotel Surabaya Hotel &amp; Suites,Novotel Surabaya Hotel &amp; Suites,-7.296002,112.742909
4,Surabaya,137,Life Hotel Sudirman Surabaya,"Genteng, Surabaya",3.0,29.0,"Bayar saat Check-in, Ruang santai, Layanan pijat, Fasilitas bisnis, Aksesibel bagi penyandang disabilitas, Check-out ekspress, Spa, Bar",313332,Life Hotel Sudirman Surabaya,Life Hotel Sudirman Surabaya,-7.272176,112.742343
4,Surabaya,40,D'Carol Hotel Surabaya,"Genteng, Surabaya",3.0,553.0,Bayar saat Check-in,600000,D'Carol Hotel Surabaya,D'Carol Hotel Surabaya,-7.247072199999998,112.73002
4,Surabaya,228,Yello Hotel Jemursari,"Tenggilis Mejoyo, Surabaya",3.0,4540.0,"Layanan pijat, Ruangan game, Check-out ekspress, Spa",714831,Yello Hotel Jemursari,Yello Hotel Jemursari,-7.3155923,112.7540904
4,Surabaya,191,Sumi Hotel Surabaya,"Dukuh Pakis, Surabaya",2.0,6112.0,Sewa mobil,331667,Sumi Hotel Surabaya,Sumi Hotel Surabaya,-7.28872291949069,112.70935714244844
4,Surabaya,110,Hotel Dafam Pacific Caesar Surabaya,"Mulyorejo, Surabaya",3.0,5629.0,"Layanan pijat, Fasilitas bisnis, Bar",800000,Hotel Dafam Pacific Caesar Surabaya,Hotel Dafam Pacific Caesar Surabaya,-7.253993599999999,112.7827949
4,Surabaya,62,Grand Inna Tunjungan,"Genteng, Surabaya",4.0,3262.0,"Bayar saat Check-in, Sewa mobil, Layanan pijat, Check-out ekspress, Spa, Bar",1189923,Grand Inna Tunjungan,Grand Inna Tunjungan,-7.262513,112.741517
4,Surabaya,233,ZOOM Dharmahusada Hotel,"Gubeng, Surabaya",3.0,2709.0,"Layanan pijat, Spa, Bar",558333,ZOOM Dharmahusada Hotel,ZOOM Dharmahusada Hotel,-7.268642,112.773186
4,Surabaya,53,Goldvitel Hotel Surabaya,"Genteng, Surabaya",4.0,294.0,"Bar, Karaoke, Layanan pijat, Pusat kebugaran, Teras rooftop, Check-out ekspress, Pusat kebugaran, Bar",1934433,Goldvitel Hotel Surabaya,Goldvitel Hotel Surabaya,-7.272566100000001,112.7421671
4,Surabaya,212,The Life Hotels Surabaya City Center,"Genteng, Surabaya",2.5,11511.0,"Bayar saat Check-in, Layanan pijat, Pusat kebugaran, Antar-jemput bandara, Aksesibel bagi penyandang disabilitas, Check-out ekspress, Spa, Pusat kebugaran",346666,The Life Hotels Surabaya City Center,The Life Hotels Surabaya City Center,-7.2536588984167825,112.74972461534423
4,Surabaya,94,Holiday Inn Express SURABAYA CENTERPOINT,"Sawahan, Surabaya",4.0,3912.0,"Tennis, Pusat kebugaran",749044,Holiday Inn Express SURABAYA CENTERPOINT,Holiday Inn Express SURABAYA CENTERPOINT,-7.263879,112.730666
4,Surabaya,118,Hotel Majapahit Surabaya - MGallery,"Genteng, Surabaya",5.0,556.0,Area main anak,1947000,Hotel Majapahit Surabaya - MGallery,Hotel Majapahit Surabaya - MGallery,-7.259726,112.740077
4,Surabaya,57,Grand Dafam Signature Surabaya,"Genteng, Surabaya",4.0,2043.0,"Jacuzzi, Area main anak, Pusat kebugaran, Bar di kolam renang, Sauna, Spa, Bar",1595333,Grand Dafam Signature Surabaya,Grand Dafam Signature Surabaya,-7.266701,112.74940749999996
4,Surabaya,195,Swiss-Belinn Airport Surabaya,"Gedangan, Surabaya",3.0,3334.0,"Tennis meja, Layanan pijat, Pusat kebugaran, Antar-jemput bandara, Aksesibel bagi penyandang disabilitas, Bar",665000,Swiss-Belinn Airport Surabaya,Swiss-Belinn Airport Surabaya,-7.380285,112.74233099999992
4,Surabaya,139,MIRA inn Kayoon Surabaya City Center,"Genteng, Surabaya",1.0,1115.0,Sewa mobil,290000,MIRA inn Kayoon Surabaya City Center,MIRA inn Kayoon Surabaya City Center,-7.268157000000002,112.74839799999997
4,Surabaya,223,Tunjungan Hotel Surabaya,"Tegalsari, Surabaya",4.0,10496.0,"Bayar saat Check-in, Layanan pijat",861333,Tunjungan Hotel Surabaya,Tunjungan Hotel Surabaya,-7.26209017099095,112.740325927734
4,Surabaya,58,Grand Darmo Suite by AMITHYA,"Wonokromo, Surabaya",4.0,8847.0,"Bar, Sewa mobil, Layanan pijat, Pusat kebugaran, Bar di kolam renang, Spa, Pusat kebugaran, Bar",1926333,Grand Darmo Suite by AMITHYA,Grand Darmo Suite by AMITHYA,-7.291799011074431,112.7409882209015
4,Surabaya,49,Four Points by Sheraton Surabaya,"Tegalsari, Surabaya",4.0,144.0,"Payung pantai, Kursi berjemur tepi kolam, Pusat kebugaran, Bar, OTHER",1847267,Four Points by Sheraton Surabaya,Four Points by Sheraton Surabaya,-7.261012,112.73892
4,Surabaya,150,Midtown Residence Marvell City Surabaya,"Wonokromo, Surabaya",4.0,5368.0,"Sewa mobil, Layanan pijat, Pusat kebugaran, Aksesibel bagi penyandang disabilitas, Pusat kebugaran",1062833,Midtown Residence Marvell City Surabaya,Midtown Residence Marvell City Surabaya,-7.2889754,112.74541640000008
4,Surabaya,225,Vasa Hotel Surabaya,"Sukomanunggal, Surabaya",5.0,3851.0,"Transportasi ke pusat perbelanjaan, Limosin/mobil, Klub anak, Pusat kebugaran, Aksesibel bagi penyandang disabilitas, Check-out ekspress, Spa, Pusat kebugaran",2027116,Vasa Hotel Surabaya,Vasa Hotel Surabaya,-7.286153700000001,112.69888160000004
4,Surabaya,188,Sheraton Surabaya Hotel and Towers,"Tegalsari, Surabaya",5.0,3610.0,"Limosin/mobil, Toko/pusat belanja, Lapangan tennis outdoor, Payung pantai, Spa, Pusat kebugaran, Bar, OTHER",2303034,Sheraton Surabaya Hotel and Towers,Sheraton Surabaya Hotel and Towers,-7.2626,112.738317
4,Surabaya,206,The Alana Surabaya,"Wonokromo, Surabaya",4.0,6779.0,"Darts, Aerobik, Restoran show cooking, Bersepeda atau bersepeda gunung, Bilyar, Bar di kolam renang, Check-out ekspress, Bar",1202533,The Alana Surabaya,The Alana Surabaya,-7.31861569,112.73163557
4,Surabaya,184,Shangri-La Surabaya,"Sawahan, Surabaya",5.0,1908.0,"Aerobik, Bar, Klub malam, Fasilitas bisnis, Bar di kolam renang, Aksesibel bagi penyandang disabilitas, Check-out ekspress, Bar",1710133,Shangri-La Surabaya,Shangri-La Surabaya,-7.2896,112.7157
4,Surabaya,51,Garden Palace Hotel Powered by Archipelago,"Genteng, Surabaya",4.0,9195.0,"Bar, Klub malam, Layanan pijat, Pusat kebugaran, Aksesibel bagi penyandang disabilitas, Spa, Pusat kebugaran, Bar",691120,Garden Palace Hotel Powered by Archipelago,Garden Palace Hotel Powered by Archipelago,-7.2638339,112.74650169999995
4,Surabaya,82,HARRIS Hotel & Conventions Gubeng,"Gubeng, Surabaya",4.0,5889.0,"Bayar saat Check-in, Area main anak, Klub anak, Layanan pijat, Pusat kebugaran, Aksesibel bagi penyandang disabilitas, Pusat kebugaran, Bar",2821333,HARRIS Hotel & Conventions Gubeng,HARRIS Hotel & Conventions Gubeng,-7.272543067789512,112.7493688650818
4,Surabaya,128,JW Marriott Hotel Surabaya,"Tegalsari, Surabaya",5.0,6550.0,"Restoran show cooking, Bar, Klub malam, Pusat kebugaran, Fasilitas bisnis, Check-out ekspress, Pusat kebugaran, Bar",2444200,JW Marriott Hotel Surabaya,JW Marriott Hotel Surabaya,-7.25965866303062,112.73484408092042
4,Surabaya,107,Hotel Ciputra World Surabaya managed by Swiss-Belhotel International,"Sawahan, Surabaya",5.0,4239.0,"Jacuzzi, Sewa mobil, Layanan pijat, Pusat kebugaran, Sauna, Spa, Pusat kebugaran",4400000,Hotel Ciputra World Surabaya managed by Swiss-Belhotel International,Hotel Ciputra World Surabaya managed by Swiss-Belhotel International,-7.292203900000001,112.72389850000002
4,Surabaya,167,Primebiz Hotel Surabaya,"Wonokromo, Surabaya",3.5,4796.0,"Layanan pijat, Pusat kebugaran, Aksesibel bagi penyandang disabilitas, Check-out ekspress, Pusat kebugaran",915884,Primebiz Hotel Surabaya,Primebiz Hotel Surabaya,-7.329400999999998,112.72245399999996
4,Surabaya,164,Premier Place Surabaya Airport,"Gedangan, Surabaya",3.0,4285.0,"Layanan pijat, Antar-jemput bandara, Aksesibel bagi penyandang disabilitas, Kursi berjemur tepi kolam, Spa, Bar",774350,Premier Place Surabaya Airport,Premier Place Surabaya Airport,-7.379298,112.738925
4,Surabaya,213,The Life Styles Hotel Surabaya,"Gubeng, Surabaya",3.5,12522.0,"Bayar saat Check-in, Pusat kebugaran, Check-out ekspress, Pusat kebugaran, Bar",613332,The Life Styles Hotel Surabaya,The Life Styles Hotel Surabaya,-7.267114,112.751004
5,Yogyakarta,187,Sheraton Mustika Yogyakarta Resort & Spa,"Depok, Yogyakarta",5.0,2337.0,"Restoran show cooking, Bar, Pengering pakaian, Teras rooftop, Fasilitas bisnis, Bar di kolam renang, Aksesibel bagi penyandang disabilitas, Bar",1825084,Sheraton Mustika Yogyakarta Resort & Spa,Sheraton Mustika Yogyakarta Resort & Spa,-7.781744,110.428075
5,Yogyakarta,2,ARTOTEL Suites Bianti Yogyakarta,"Gondokusuman, Yogyakarta",5.0,250.0,"Winery, Layanan pijat, Pusat kebugaran, Aksesibel bagi penyandang disabilitas, Sauna, Spa, Bar",3148333,ARTOTEL Suites Bianti Yogyakarta,ARTOTEL Suites Bianti Yogyakarta,-7.7828827,110.3818613
5,Yogyakarta,171,Royal Ambarrukmo Yogyakarta,"Depok, Yogyakarta",5.0,4186.0,"Panahan, Restoran show cooking, Bersepeda atau bersepeda gunung, Area main anak, Fasilitas bisnis, Aksesibel bagi penyandang disabilitas, Pusat kebugaran, Bar",3497245,Royal Ambarrukmo Yogyakarta,Royal Ambarrukmo Yogyakarta,-7.782973251012492,110.40316773016356
5,Yogyakarta,238,eL Hotel Royale Yogyakarta Malioboro,"Jalan Malioboro, Yogyakarta",4.0,1881.0,"Penyewaan sepeda, Layanan pijat, Pusat kebugaran, Bar di kolam renang, Spa",4890000,eL Hotel Royale Yogyakarta Malioboro,eL Hotel Royale Yogyakarta Malioboro,-7.7937449,110.36499779999995
5,Yogyakarta,217,The Rich Jogja Hotel,"Mlati, Yogyakarta",4.0,9233.0,"Tanda khusus bagi tuna netra, Restoran show cooking, Bilyar, Bar di kolam renang, Aksesibel bagi penyandang disabilitas, Check-out ekspress, Pusat kebugaran, Bar",2000000,The Rich Jogja Hotel,The Rich Jogja Hotel,-7.752580999999978,110.36108874603268
5,Yogyakarta,123,Hyatt Regency Yogyakarta,"Ngaglik, Yogyakarta",5.0,3711.0,"Tennis meja, Lapangan golf, Tennis, Klub anak, Bilyar, Bar di kolam renang, Pusat kebugaran, Bar",2700838,Hyatt Regency Yogyakarta,Hyatt Regency Yogyakarta,-7.74094043204933,110.373909473419
5,Yogyakarta,109,Hotel Dafam Fortuna Seturan,"Seturan, Yogyakarta",4.0,8044.0,"Penitipan anak, Sewa mobil, Layanan pijat, Aksesibel bagi penyandang disabilitas, Spa, Bar",1029999,Hotel Dafam Fortuna Seturan,Hotel Dafam Fortuna Seturan,-7.76561,110.410881
5,Yogyakarta,231,Yogyakarta Marriott Hotel,"Depok, Yogyakarta",5.0,3200.0,"Restoran show cooking, Winery, Pengering pakaian, Fasilitas bisnis, Bar di kolam renang, Aksesibel bagi penyandang disabilitas, Pusat kebugaran, Bar",2645867,Yogyakarta Marriott Hotel,Yogyakarta Marriott Hotel,-7.761495867607936,110.39822458369964
5,Yogyakarta,98,Horison Ultima Riss Malioboro Yogyakarta,"Gedongtengen, Yogyakarta",4.0,3408.0,"Bayar saat Check-in, Restoran show cooking, Layanan pijat, Pusat kebugaran, Check-out ekspress, Spa, Pusat kebugaran, Bar",3209444,Horison Ultima Riss Malioboro Yogyakarta,Horison Ultima Riss Malioboro Yogyakarta,-7.788017,110.364412
5,Yogyakarta,205,The Alana Hotel & Conference Center Malioboro Yogyakarta by ASTON,"Mantrijeron, Yogyakarta",4.0,6562.0,"Sewa mobil, Bar di kolam renang, Antar-jemput bandara, Spa",3079583,The Alana Hotel & Conference Center Malioboro Yogyakarta by ASTON,The Alana Hotel & Conference Center Malioboro Yogyakarta by ASTON,-7.81465,110.36539
5,Yogyakarta,145,Melia Purosani Yogyakarta,"Jalan Malioboro, Yogyakarta",5.0,3505.0,"Bar, Sewa mobil, Bilyar, Sauna, Bar",4000000,Melia Purosani Yogyakarta,Melia Purosani Yogyakarta,-7.797229,110.368786
5,Yogyakarta,160,PORTA by The Ambarrukmo,"Depok, Yogyakarta",3.0,1026.0,"Restoran show cooking, Fasilitas bisnis, Bar di kolam renang, Aksesibel bagi penyandang disabilitas, Sauna, Check-out ekspress, Bar",2000000,PORTA by The Ambarrukmo,PORTA by The Ambarrukmo,-7.776703200000001,110.381978
5,Yogyakarta,130,"KIMAYA Sudirman Yogyakarta, By HARRIS","Gondokusuman, Yogyakarta",4.0,379.0,"Layanan pijat, Pusat kebugaran, Aksesibel bagi penyandang disabilitas, Spa, Pusat kebugaran, Bar",1498000,"KIMAYA Sudirman Yogyakarta, By HARRIS","KIMAYA Sudirman Yogyakarta, By HARRIS",-7.782718699999998,110.3777969
5,Yogyakarta,78,Greenhost Boutique Hotel,"Jalan Prawirotaman, Yogyakarta",3.0,7193.0,"Restoran show cooking, Penyewaan sepeda, Sewa mobil, Aksesibel bagi penyandang disabilitas, Bar",1412500,Greenhost Boutique Hotel,Greenhost Boutique Hotel,-7.820081,110.369119
5,Yogyakarta,32,Bohemian Jogja Villas With Private Pool,"Mlati, Yogyakarta",0.0,9.0,"Aktivitas outdoor, Check-out ekspress",5950000,Bohemian Jogja Villas With Private Pool,Bohemian Jogja Villas With Private Pool,-7.7574578,110.3591851
5,Yogyakarta,59,Grand Diamond Hotel Yogyakarta,"Depok, Yogyakarta",4.0,3220.0,"Sewa mobil, Fasilitas bisnis",1210370,Grand Diamond Hotel Yogyakarta,Grand Diamond Hotel Yogyakarta,-7.782487,110.423852
5,Yogyakarta,1,@HOM Premiere Timoho,"Umbulharjo, Yogyakarta",4.0,2086.0,"Penitipan anak, Sewa mobil, Bar di kolam renang, Antar-jemput bandara, Aksesibel bagi penyandang disabilitas, Spa",1377000,@HOM Premiere Timoho,@HOM Premiere Timoho,-7.798514499999999,110.39245589999996
5,Yogyakarta,240,favehotel Malioboro - Yogyakarta,"Kotabaru, Yogyakarta",3.0,4207.0,"Layanan pijat, Spa",1439370,favehotel Malioboro - Yogyakarta,favehotel Malioboro - Yogyakarta,-7.785702,110.369769
5,Yogyakarta,207,The Alana Yogyakarta Hotel & Convention Center,"Ngaglik, Yogyakarta",4.0,6564.0,"Aksesibel bagi penyandang disabilitas, Bar",2042010,The Alana Yogyakarta Hotel & Convention Center,The Alana Yogyakarta Hotel & Convention Center,-7.739352,110.377259
5,Yogyakarta,210,The Jayakarta Yogyakarta Hotel & Spa,"Depok, Yogyakarta",4.0,4811.0,"Ruang santai, Pemancingan, Bilyar, Fasilitas bisnis, Lapangan tennis outdoor, Bar di kolam renang, Aksesibel bagi penyandang disabilitas, Bar",1456000,The Jayakarta Yogyakarta Hotel & Spa,The Jayakarta Yogyakarta Hotel & Spa,-7.78345457624549,110.419667959213
5,Yogyakarta,125,Indoluxe Hotel Jogjakarta,"Ngaglik, Yogyakarta",4.0,6240.0,"Sewa mobil, Pusat kebugaran, Teras rooftop, Bar di kolam renang, Aksesibel bagi penyandang disabilitas, Spa, Pusat kebugaran, Bar",1350000,Indoluxe Hotel Jogjakarta,Indoluxe Hotel Jogjakarta,-7.750694,110.371717
5,Yogyakarta,96,Horison Lynn Yogyakarta,"Mantrijeron, Yogyakarta",3.0,6017.0,"Sewa mobil, Aksesibel bagi penyandang disabilitas",1250000,Horison Lynn Yogyakarta,Horison Lynn Yogyakarta,-7.82459,110.366831
5,Yogyakarta,189,Student Castle Apartment HD,"Depok, Yogyakarta",0.0,165.0,"Ruang santai, Bilyar, Pusat kebugaran, Check-out ekspress, Pusat kebugaran",878333,Student Castle Apartment HD,Student Castle Apartment HD,-7.773638441955473,110.40791000054412
5,Yogyakarta,70,Grand Sarila Hotel Yogyakarta,"Gejayan, Yogyakarta",3.0,9803.0,"Sewa mobil, Layanan pijat",976666,Grand Sarila Hotel Yogyakarta,Grand Sarila Hotel Yogyakarta,-7.759019235289791,110.39588570638443
5,Yogyakarta,241,h Boutique Hotel Jogjakarta,"Gondokusuman, Yogyakarta",3.0,5977.0,"Layanan pijat, Spa, Bar",1568593,h Boutique Hotel Jogjakarta,h Boutique Hotel Jogjakarta,-7.782771599,110.3791264
5,Yogyakarta,26,Aveon Hotel Yogyakarta by Daphna International,"Depok, Yogyakarta",4.0,1410.0,"Restoran show cooking, Layanan pijat, Pusat kebugaran, Antar-jemput bandara, Aksesibel bagi penyandang disabilitas, Spa, Pusat kebugaran, Bar",1522067,Aveon Hotel Yogyakarta by Daphna International,Aveon Hotel Yogyakarta by Daphna International,-7.764005845725988,110.42244237485149
5,Yogyakarta,174,Sagan Heritage Hotel,"Gondokusuman, Yogyakarta",3.0,4228.0,"Area main anak, Check-out ekspress",966667,Sagan Heritage Hotel,Sagan Heritage Hotel,-7.77997875213623,110.376335144043
5,Yogyakarta,245,ibis Yogyakarta Adi Sucipto,"Depok, Yogyakarta",3.0,2176.0,Check-out ekspress,1251566,ibis Yogyakarta Adi Sucipto,ibis Yogyakarta Adi Sucipto,-7.783458,110.392004
5,Yogyakarta,215,The Manohara Hotel Yogyakarta,"Gejayan, Yogyakarta",4.0,294.0,"Penitipan sepeda, Penyewaan sepeda, Pusat kebugaran, Fasilitas bisnis, Aksesibel bagi penyandang disabilitas, Pusat kebugaran",3500000,The Manohara Hotel Yogyakarta,The Manohara Hotel Yogyakarta,-7.7745054,110.3890945
5,Yogyakarta,69,Grand Rohan Jogja,"Banguntapan, Yogyakarta",4.0,340.0,"Area main anak, Sewa mobil, Antar-jemput bandara",4397550,Grand Rohan Jogja,Grand Rohan Jogja,-7.7983109,110.4051346
5,Yogyakarta,135,Lafayette Boutique Hotel,"Depok, Yogyakarta",5.0,4897.0,"Jemputan stasiun kereta, Penitipan anak, Sewa mobil, Layanan pijat, Pusat kebugaran, Check-out ekspress, Spa, Pusat kebugaran",3015667,Lafayette Boutique Hotel,Lafayette Boutique Hotel,-7.759281,110.387459
5,Yogyakarta,8,All Nite & Day Hotel Yogyakarta - Gejayan,"Gondokusuman, Yogyakarta",3.0,1088.0,Check-out ekspress,1240000,All Nite & Day Hotel Yogyakarta - Gejayan,All Nite & Day Hotel Yogyakarta - Gejayan,-7.7802114,110.3879623
5,Yogyakarta,131,KJ Hotel Yogyakarta,"Jalan Prawirotaman, Yogyakarta",4.0,3385.0,"Restoran show cooking, Bersepeda atau bersepeda gunung, Teras rooftop, Fasilitas bisnis, Bar di kolam renang, Aksesibel bagi penyandang disabilitas, Check-out ekspress, Bar",1617773,KJ Hotel Yogyakarta,KJ Hotel Yogyakarta,-7.822790903967212,110.36712925606685
5,Yogyakarta,64,Grand Keisha Yogyakarta,"Gejayan, Yogyakarta",4.0,4722.0,"Restoran show cooking, Kursi berjemur, Pusat kebugaran, Teras rooftop, Fasilitas bisnis, Aksesibel bagi penyandang disabilitas, Kursi berjemur tepi kolam, Pusat kebugaran",2766667,Grand Keisha Yogyakarta,Grand Keisha Yogyakarta,-7.7592676,110.3955307
5,Yogyakarta,161,Patra Malioboro Hotel,"Jalan Malioboro, Yogyakarta",3.0,665.0,"Penitipan sepeda, Penyewaan sepeda, Sewa mobil, Aksesibel bagi penyandang disabilitas",2500000,Patra Malioboro Hotel,Patra Malioboro Hotel,-7.7917305,110.3637213
5,Yogyakarta,63,Grand Kangen Hotel Urip Sumoharjo Yogyakarta,"Gondokusuman, Yogyakarta",3.0,9159.0,"Sewa mobil, Layanan pijat, Spa",1401514,Grand Kangen Hotel Urip Sumoharjo Yogyakarta,Grand Kangen Hotel Urip Sumoharjo Yogyakarta,-7.7831141,110.3869588
5,Yogyakarta,230,Yellow Star Gejayan Hotel,"Gejayan, Yogyakarta",3.0,9357.0,"Sewa mobil, Teras rooftop, Aksesibel bagi penyandang disabilitas, Check-out ekspress",1109000,Yellow Star Gejayan Hotel,Yellow Star Gejayan Hotel,-7.77139,110.389811
5,Yogyakarta,229,Yellow Star Ambarukmo Hotel,"Depok, Yogyakarta",3.0,8527.0,"Penitipan anak, Sewa mobil, Layanan pijat, Spa",1151667,Yellow Star Ambarukmo Hotel,Yellow Star Ambarukmo Hotel,-7.783328000000002,110.39758899999993
5,Yogyakarta,165,Prime Plaza Hotel Jogjakarta,"Gejayan, Yogyakarta",4.0,3042.0,"Basket, Aerobik, Restoran show cooking, Ruang santai, Bersepeda atau bersepeda gunung, Bar di kolam renang, Aksesibel bagi penyandang disabilitas, Bar",1558800,Prime Plaza Hotel Jogjakarta,Prime Plaza Hotel Jogjakarta,-7.77732899907829,110.389047861099
5,Yogyakarta,85,Harper Malioboro Yogyakarta by ASTON,"Jetis, Yogyakarta",4.0,4811.0,"Sewa mobil, Layanan pijat",4603895,Harper Malioboro Yogyakarta by ASTON,Harper Malioboro Yogyakarta by ASTON,-7.784741,110.367112
5,Yogyakarta,239,favehotel Kusumanegara,"Umbulharjo, Yogyakarta",3.0,5528.0,"Layanan pijat, Spa",2066667,favehotel Kusumanegara,favehotel Kusumanegara,-7.801641892773746,110.38823737116392
5,Yogyakarta,154,Next Hotel Yogyakarta,"Depok, Yogyakarta",4.0,85.0,"Bayar saat Check-in, Ruang santai, Bar, Pengering pakaian, Fasilitas bisnis, Bar di kolam renang, Aksesibel bagi penyandang disabilitas, Bar",1281852,Next Hotel Yogyakarta,Next Hotel Yogyakarta,-7.780946799999998,110.418641
5,Yogyakarta,6,Abadi Hotel Malioboro Yogyakarta by Tritama Hospitality,"Jalan Malioboro, Yogyakarta",4.0,4221.0,Aksesibel bagi penyandang disabilitas,1786753,Abadi Hotel Malioboro Yogyakarta by Tritama Hospitality,Abadi Hotel Malioboro Yogyakarta by Tritama Hospitality,-7.790326,110.363202
5,Yogyakarta,124,INNSIDE by Melia Yogyakarta,"Depok, Yogyakarta",4.0,4719.0,"Darts, Restoran show cooking, Bilyar, Teras rooftop, Fasilitas bisnis, Bar di kolam renang, Aksesibel bagi penyandang disabilitas, Bar",1774667,INNSIDE by Melia Yogyakarta,INNSIDE by Melia Yogyakarta,-7.766981400000001,110.4316149
