id_city,city,id_hotel,name_hotel,region,star_rating,num_reviews,hotel_features,price
1,Bandung,15,Amaroossa Bandung,"Jalan Riau, Bandung",4.0,5511.0,"Sewa mobil, Layanan pijat, Pusat kebugaran, Aksesibel bagi penyandang disabilitas, Sauna, Spa, Pusat kebugaran, Bar",2204301
1,Bandung,71,Grand Serela Setiabudhi by KAGUM Hotels,"Setiabudi, Bandung",4.0,6164.0,"Tennis meja, Jacuzzi, Area main anak, Sewa mobil, Layanan pijat, Pusat kebugaran, Sauna, Spa",1096333
1,Bandung,155,Nine Inn by Edotel Dbest,"Batununggal, Bandung",2.0,35.0,Bayar saat Check-in,1017500
1,Bandung,25,Atlantic City Hotel,"Pasirkaliki, Bandung",3.0,9630.0,"Layanan pijat, Aksesibel bagi penyandang disabilitas, Spa",673333
1,Bandung,97,Horison Ultima Bandung,"Lengkong, Bandung",4.0,17509.0,"Area main anak, Klub anak, Pusat kebugaran, Lapangan tennis outdoor, Aksesibel bagi penyandang disabilitas, Pusat kebugaran, Bar",1150667
1,Bandung,86,Harris Hotel & Conventions Festival Citilink Bandung,"Pasir Koja, Bandung",4.0,4955.0,"Bayar saat Check-in, Aerobik, Restoran show cooking, Ruang santai, Klub anak, Aksesibel bagi penyandang disabilitas, Pusat kebugaran, Bar",1218667
1,Bandung,180,Serela Riau by KAGUM Hotels,"Jalan Riau, Bandung",3.0,5598.0,"Layanan pijat, Spa, Bar",1185833
1,Bandung,140,Maison Teraskita Bandung,"Asia Afrika, Bandung",4.0,788.0,Bar,3736667
1,Bandung,214,The Luxton Bandung,"Dago, Bandung",4.0,5129.0,"Jacuzzi, Klub anak, Layanan pijat, Pusat kebugaran, Bar di kolam renang, Spa, Pusat kebugaran, Bar",1759500
1,Bandung,182,Shakti Hotel Bandung,"Gedebage, Bandung",4.0,9209.0,"Aerobik, Aktivitas outdoor, Handuk pantai, Layanan pijat, Pusat kebugaran, Aksesibel bagi penyandang disabilitas, Check-out ekspress, Pusat kebugaran",1056667
1,Bandung,60,Grand Hotel Preanger,"Braga, Bandung",5.0,3800.0,"Aerobik, Winery, Tennis meja, Dapur kecil, Bilyar, Fasilitas bisnis, Aksesibel bagi penyandang disabilitas, Bar",1916667
1,Bandung,185,Sheraton Bandung Hotel & Towers,"Dago Atas, Bandung",5.0,2213.0,"Tunggang kuda, Jacuzzi, Pengering pakaian, Area main anak, Klub anak, Pusat kebugaran, Pusat kebugaran, Bar",2944333
1,Bandung,38,"Courtyard by Marriott Bandung Dago, CHSE Certified","Dago, Bandung",4.0,2179.0,"Sewa mobil, Dapur kecil",2335300
1,Bandung,50,GH Universal Hotel,"Setiabudi, Bandung",5.0,6137.0,"Area main anak, Hewan peliharaan diizinkan, Layanan pijat, Pusat kebugaran, Spa, Bar",2579710
1,Bandung,216,The Papandayan Hotel,"Lengkong, Bandung",5.0,5038.0,"Darts, Ruang santai, Winery, Klub anak, Bar di kolam renang, Check-out ekspress, Pusat kebugaran, Bar",2854628
1,Bandung,17,Apartmen The Suite Metro By Faris Bunbun,"Batununggal, Bandung",0.0,430.0,Pusat kebugaran,613000
1,Bandung,39,Crowne Plaza BANDUNG,"Sumurbandung, Bandung",5.0,3856.0,"Pusat kebugaran, Bar",2392896
1,Bandung,133,Kytos Hotel,"Setiabudi, Bandung",3.0,6245.0,Teras rooftop,3316667
1,Bandung,91,Holiday Inn BANDUNG PASTEUR,"Pasteur, Bandung",4.0,5223.0,"Pusat kebugaran, Bar",1559199
1,Bandung,18,Apartment Gateway Cicadas by GPro,"Cibeunying, Bandung",0.0,163.0,Basket,733333
1,Bandung,243,ibis Bandung Trans Studio,"Buahbatu, Bandung",3.0,17868.0,Check-out ekspress,926667
1,Bandung,152,Moxy Bandung,"Dago, Bandung",3.0,1939.0,"Ruang santai, Pengering pakaian, Pusat kebugaran, Bilyar, Teras rooftop, Ruangan game, Pusat kebugaran, Bar",1411667
1,Bandung,237,eL Hotel Royale Bandung,"Merdeka, Bandung",4.0,16317.0,"Penitipan anak, Sewa mobil, Fasilitas bisnis, Aksesibel bagi penyandang disabilitas",1316667
1,Bandung,74,Grand Tjokro Premiere Bandung,"Cihampelas, Bandung",4.0,15901.0,"Olahraga air, Aerobik, Restoran show cooking, Dapur kecil, Teras rooftop, Aksesibel bagi penyandang disabilitas, Check-out ekspress, Bar",1751482
1,Bandung,48,Four Points by Sheraton Bandung,"Dago, Bandung",4.0,2190.0,"Area main anak, Klub anak, Sewa mobil, Pusat kebugaran, Bar di kolam renang, Bar",2226400
1,Bandung,20,Aryaduta Bandung,"Merdeka, Bandung",4.0,8395.0,"Area main anak, Antar-jemput bandara",2019852
1,Bandung,90,Hilton Bandung,"Pasirkaliki, Bandung",5.0,3130.0,"Bar, Sewa mobil, Pusat kebugaran, Antar-jemput bandara, Aksesibel bagi penyandang disabilitas, Bar",3065333
1,Bandung,202,THE 1O1 Bandung Dago,"Dago, Bandung",4.0,12553.0,"Bersepeda atau bersepeda gunung, Layanan pijat, Aksesibel bagi penyandang disabilitas, Pusat kebugaran, Bar",1755000
1,Bandung,179,Serela Merdeka by KAGUM Hotels,"Dago, Bandung",3.0,6149.0,"Penitipan anak, Layanan pijat, Antar-jemput bandara, Check-out ekspress, Spa",996667
1,Bandung,28,Banana Inn by KAGUM Hotels,"Setiabudi, Bandung",4.0,6267.0,"Aerobik, Bar, Pengering pakaian, Teras rooftop, Fasilitas bisnis, Aksesibel bagi penyandang disabilitas, Check-out ekspress, Bar",1033500
1,Bandung,158,POP! Hotel Festival Citylink - Bandung,"Pasir Koja, Bandung",2.0,9679.0,"Bayar saat Check-in, Layanan pijat, Pusat kebugaran, Aksesibel bagi penyandang disabilitas, Spa, Pusat kebugaran",592000
1,Bandung,46,Easton Park Apartment Jatinangor by Diajeng,"Jatinangor, Bandung",0.0,682.0,"Ruang santai, Area main anak, Limosin/mobil, Check-out ekspress, Pusat kebugaran",281500
1,Bandung,42,Dago Heuvel Resort and Villa,"Mekarsaluyu, Bandung",2.0,591.0,"Pemancingan, Bilyar, Aktivitas outdoor, Jacuzzi, Area piknik",3968800
1,Bandung,201,Swiss-Belresort Dago Heritage Bandung,"Dago Atas, Bandung",4.0,6225.0,"Golf, Klub anak, Dapur kecil, Pusat kebugaran, Bar di kolam renang, Aksesibel bagi penyandang disabilitas, Pusat kebugaran, Bar",3583950
1,Bandung,77,Grandia Hotel Bandung,"Cihampelas, Bandung",4.0,9709.0,"Bar, Layanan pijat, Pusat kebugaran, Aksesibel bagi penyandang disabilitas, Spa, Bar",2270400
1,Bandung,224,V Hotel & Residence,"Pasteur, Bandung",3.0,14648.0,"Layanan pijat, Pusat kebugaran, Antar-jemput bandara, Spa, Pusat kebugaran",699000
1,Bandung,126,InterContinental Hotels BANDUNG DAGO PAKAR,"Mekarsaluyu, Bandung",5.0,4140.0,Tennis,5180328
1,Bandung,111,Hotel Dafam Rio,"Jalan Riau, Bandung",3.0,3536.0,"Jemputan stasiun kereta, Layanan pijat, Spa",836841
1,Bandung,89,Hemangini Hotel Bandung,"Setiabudi, Bandung",4.0,5488.0,Aksesibel bagi penyandang disabilitas,2037037
1,Bandung,132,Kedaton Hotel,"Sumurbandung, Bandung",3.0,5277.0,"Karaoke, Layanan pijat, Mandi uap, Pusat kebugaran, Antar-jemput bandara, Sauna, Spa",1481481
1,Bandung,176,Sari Ater Kamboti Hotel Bandung,"Pasteur, Bandung",4.0,5865.0,"Bayar saat Check-in, Karaoke, Pusat kebugaran, Bilyar, Aksesibel bagi penyandang disabilitas, Check-out ekspress, Pusat kebugaran, Bar",1037276
1,Bandung,236,d'primahotel Bandung,"Sukajadi, Bandung",3.0,6503.0,Antar-jemput bandara,4160000
1,Bandung,235,Zest Hotel Sukajadi Bandung,"Sukajadi, Bandung",3.0,7151.0,"Layanan pijat, Aksesibel bagi penyandang disabilitas, Spa",861555
1,Bandung,177,Sensa Hotel Bandung,"Cihampelas, Bandung",4.0,3133.0,Spa,1654667
1,Bandung,242,ibis Bandung Pasteur,"Pasteur, Bandung",3.0,5186.0,Check-out ekspress,923319
1,Bandung,37,Clove Garden Hotel & Residence,"Dago, Bandung",4.0,14893.0,Aksesibel bagi penyandang disabilitas,2135300
1,Bandung,190,"Sukajadi Hotel, Convention and Gallery","Sukajadi, Bandung",3.0,4836.0,"Tenda di tepi kolam, Fasilitas bisnis, Aksesibel bagi penyandang disabilitas, Kursi berjemur tepi kolam, Pusat kebugaran",846667
1,Bandung,43,De Paviljoen Bandung,"Jalan Riau, Bandung",4.0,4384.0,"Pengering pakaian, Dapur kecil, Pusat kebugaran",2000000
1,Bandung,35,Cinnamon Hotel Boutique Syariah,"Setiabudi, Bandung",4.0,1616.0,Check-out ekspress,2868772
1,Bandung,72,Grand Sunshine Resort and Convention,"Pamekaran, Bandung",4.0,1131.0,"Badminton, Aerobik, Bar, Tennis, Bilyar, Aksesibel bagi penyandang disabilitas, Pusat kebugaran, Bar",3400000
2,Jakarta,196,Swiss-Belinn Kemayoran,"Kemayoran, Jakarta",3.0,3549.0,"Bayar saat Check-in, Layanan pijat, Pusat kebugaran, Aksesibel bagi penyandang disabilitas, Spa, Pusat kebugaran, Bar",822500
2,Jakarta,142,Mandarin Oriental Jakarta,"Thamrin, Jakarta",5.0,1140.0,"Winery, Pusat kebugaran, Fasilitas bisnis, Bar di kolam renang, Aksesibel bagi penyandang disabilitas, Check-out ekspress, Pusat kebugaran, Bar",8518400
2,Jakarta,9,Aloft Jakarta Wahid Hasyim,"Kebon Sirih, Jakarta",4.0,1002.0,"Limosin/mobil, Pusat kebugaran, Bilyar, Aksesibel bagi penyandang disabilitas, Pusat kebugaran, Bar",1863400
2,Jakarta,23,Ashley Tanah Abang,"Tanah Abang, Jakarta",0.0,275.0,"Pusat kebugaran, Antar-jemput bandara, Pusat kebugaran",1940888
2,Jakarta,84,Hariston Hotel & Suites,"Pluit, Jakarta",4.0,4297.0,Bar,1428500
2,Jakarta,220,The St. Regis Jakarta,"Kuningan, Jakarta",5.0,2.0,"Tenda di tepi kolam, Paket proposal romantis, Bar di kolam renang, Payung pantai, Spa, Pusat kebugaran, Bar, OTHER",8772500
2,Jakarta,19,Arimbi Pejaten Suites,"Ragunan, Jakarta",3.0,2234.0,"Bayar saat Check-in, Pusat kebugaran, Pusat kebugaran",437000
2,Jakarta,73,Grand Tjokro Jakarta,"Tanjung Duren, Jakarta",4.0,7868.0,"Sewa mobil, Pusat kebugaran, Spa, Bar",1083333
2,Jakarta,222,The Sultan Hotel & Residence Jakarta,"Senayan, Jakarta",5.0,7247.0,"Bayar saat Check-in, Restoran show cooking, Winery, Dapur kecil, Fasilitas bisnis, Aksesibel bagi penyandang disabilitas, Check-out ekspress, Bar",2391767
2,Jakarta,183,Shangri-La Jakarta,"Karet Tengsin, Jakarta",5.0,2262.0,"Akses ke water park, Toko/pusat belanja, Lapangan tennis outdoor, Bar di kolam renang, Payung pantai, Pusat kebugaran, Bar, OTHER",5320178
2,Jakarta,172,Royal Kuningan Hotel,"Rasuna Said, Jakarta",4.0,6678.0,"Aksesibel bagi penyandang disabilitas, Check-out ekspress",3078126
2,Jakarta,138,Lumire Hotel & Convention Center,"Senen, Jakarta",4.0,8924.0,"Layanan pijat, Pusat kebugaran, Bilyar, Aksesibel bagi penyandang disabilitas, Sauna, Check-out ekspress, Pusat kebugaran, Bar",1016667
2,Jakarta,203,Teraskita Hotel Jakarta managed by Dafam,"Cawang, Jakarta",4.0,9335.0,"Restoran show cooking, Layanan pijat, Antar-jemput bandara, Aksesibel bagi penyandang disabilitas, Spa, Bar",1940000
2,Jakarta,151,Millennium Hotel Sirih Jakarta,"Tanah Abang, Jakarta",4.0,4969.0,"Transportasi ke pusat perbelanjaan, Sewa mobil, Aksesibel bagi penyandang disabilitas",1143853
2,Jakarta,186,Sheraton Grand Jakarta Gandaria City Hotel,"Kebayoran Lama Utara, Jakarta",5.0,1579.0,"Restoran show cooking, Winery, Sewa mobil, Fasilitas bisnis, Antar-jemput bandara, Aksesibel bagi penyandang disabilitas, Check-out ekspress, Bar",3319433
2,Jakarta,45,DoubleTree by Hilton Jakarta - Diponegoro,"Cikini, Jakarta",5.0,3244.0,"Area main anak, Klub anak, Pusat kebugaran, Bar di kolam renang, Aksesibel bagi penyandang disabilitas, Check-out ekspress, Pusat kebugaran, Bar",3009019
2,Jakarta,105,Hotel Ciputra Jakarta managed by Swiss-Belhotel International,"Tanjung Duren, Jakarta",4.0,9261.0,"Bayar saat Check-in, Layanan pijat, Bar di kolam renang, Pusat kebugaran, Bar",1463000
2,Jakarta,31,Best Western Premier The Hive,"Cawang, Jakarta",5.0,11091.0,"Restoran show cooking, Winery, Layanan pijat, Pusat kebugaran, Bar di kolam renang, Perpustakaan, Check-out ekspress, Bar",1133333
2,Jakarta,10,Aloft South Jakarta,"Cilandak Timur, Jakarta",4.0,467.0,"Bar, Sewa mobil, Pusat kebugaran, Bilyar, Bar di kolam renang, Bar",1294700
2,Jakarta,211,"The Langham, Jakarta","Senayan, Jakarta",5.0,340.0,"Restoran show cooking, Aktivitas outdoor, Klub kesehatan, Pusat kebugaran, Fasilitas bisnis, Sauna, Pusat kebugaran, Bar",7830031
2,Jakarta,120,"Hotel Mulia Senayan, Jakarta","Senayan, Jakarta",5.0,1540.0,"Bar, Tennis, Fasilitas bisnis, Lapangan tennis outdoor, Bar di kolam renang, Aksesibel bagi penyandang disabilitas, Check-out ekspress, Pusat kebugaran",5445000
2,Jakarta,5,ASTON Priority Simatupang & Conference Center,"Kebagusan, Jakarta",4.0,7246.0,"Layanan pijat, Antar-jemput bandara, Spa, Bar",1314463
2,Jakarta,148,Merlynn Park Hotel,"Petojo Utara, Jakarta",5.0,19249.0,"Tanda khusus bagi tuna netra, Klub kesehatan, Layanan pijat, Pusat kebugaran, Fasilitas bisnis, Aksesibel bagi penyandang disabilitas, Pusat kebugaran, Bar",1550000
2,Jakarta,22,Ascott Sudirman Jakarta,"Karet Semanggi, Jakarta",5.0,2200.0,"Pusat kebugaran, Fasilitas bisnis, Antar-jemput bandara, Pusat kebugaran",3658560
2,Jakarta,209,"The Hermitage, a Tribute Portfolio Hotel, Jakarta","Menteng, Jakarta",5.0,369.0,"Karaoke, Handuk pantai, Layanan pijat, Pusat kebugaran, Teras rooftop, Fasilitas bisnis, Bar di kolam renang, Bar",4460060
2,Jakarta,147,Mercure Convention Center Ancol,"Ancol, Jakarta",4.0,7570.0,"Area main anak, Check-out ekspress",3648333
2,Jakarta,104,Hotel Borobudur Jakarta,"Pasar Baru, Jakarta",5.0,7103.0,"Badminton, Aerobik, Winery, Fasilitas bisnis, Bar di kolam renang, Aksesibel bagi penyandang disabilitas, Check-out ekspress, Bar",2572001
2,Jakarta,44,Discovery Ancol,"Ancol, Jakarta",4.0,5754.0,"Ruang santai, Area main anak, Klub anak, Layanan pijat, Pusat kebugaran, Aksesibel bagi penyandang disabilitas, Spa, Pusat kebugaran",2691667
2,Jakarta,232,Yuan Garden Pasar Baru,"Pasar Baru, Jakarta",4.0,3213.0,"Aerobik, Winery, Layanan pijat, Pusat kebugaran, Bar di kolam renang, Aksesibel bagi penyandang disabilitas, Pusat kebugaran, Bar",1105333
2,Jakarta,119,Hotel Menara Peninsula,"Slipi, Jakarta",4.0,9253.0,"Kolam air panas outdoor, Layanan pijat, Pusat kebugaran, Bar di kolam renang, Aksesibel bagi penyandang disabilitas, Sauna, Pusat kebugaran, Bar",1006000
2,Jakarta,219,"The Ritz-Carlton Jakarta, Pacific Place Hotel","Senayan, Jakarta",5.0,483.0,"Aerobik, Winery, Pusat kebugaran, Fasilitas bisnis, Aksesibel bagi penyandang disabilitas, Check-out ekspress, Pusat kebugaran, Bar",8167500
2,Jakarta,61,Grand Hyatt Jakarta,"Thamrin, Jakarta",5.0,2059.0,"Jacuzzi, Tennis, Layanan pijat, Lapangan tennis outdoor, Bar di kolam renang, Sauna, Pusat kebugaran, Bar",9377500
2,Jakarta,34,Century Park Hotel,"Senayan, Jakarta",4.0,6830.0,"Penitipan anak, Sewa mobil, Layanan pijat, Lapangan tennis outdoor, Bar di kolam renang, Aksesibel bagi penyandang disabilitas, Check-out ekspress, Bar",2160000
2,Jakarta,65,Grand Mercure Jakarta Harmoni,"Harmoni, Jakarta",5.0,1627.0,Check-out ekspress,1402847
2,Jakarta,143,Manhattan Hotel Jakarta,"Rasuna Said, Jakarta",5.0,8621.0,"Tanda khusus bagi tuna netra, Dapur kecil, Pusat kebugaran, Fasilitas bisnis, Aksesibel bagi penyandang disabilitas, Sauna, Pusat kebugaran, Bar",2721667
2,Jakarta,127,InterContinental Hotels JAKARTA PONDOK INDAH,"Pondok Indah, Jakarta",5.0,1455.0,"Pusat kebugaran, Bar",5457407
2,Jakarta,198,Swiss-Belinn Simatupang Jakarta,"Lebak Bulus, Jakarta",3.0,7329.0,"Bar, Sewa mobil, Layanan pijat, Pusat kebugaran, Antar-jemput bandara, Spa, Pusat kebugaran, Bar",976667
2,Jakarta,244,ibis Styles Jakarta Airport,"Benda, Jakarta",3.0,4157.0,Check-out ekspress,714141
2,Jakarta,114,Hotel Dharmein,"Melawai, Jakarta",3.0,3116.0,"Teras rooftop, Bar",583333
2,Jakarta,193,Swiss-Belhotel Airport Jakarta,"Benda, Jakarta",4.0,2222.0,Antar-jemput bandara,911668
2,Jakarta,3,ASTON Kartika Grogol Hotel & Conference Center,"Grogol, Jakarta",4.0,3896.0,"Layanan pijat, Pusat kebugaran, Spa, Pusat kebugaran, Bar",1784460
2,Jakarta,218,"The Ritz-Carlton Jakarta, Mega Kuningan","Kuningan, Jakarta",5.0,2884.0,"Restoran show cooking, Ruang santai, Bar, Bilyar, Fasilitas bisnis, Aksesibel bagi penyandang disabilitas, Check-out ekspress, Bar",3323467
2,Jakarta,66,Grand Mercure Jakarta Kemayoran,"Gunung Sahari, Jakarta",5.0,3438.0,"Penitipan anak, Check-out ekspress",1582680
2,Jakarta,200,Swiss-Belresidences Kalibata,"Kalibata, Jakarta",4.0,8523.0,"Aerobik, Bar, Area main anak, Fasilitas bisnis, Bar di kolam renang, Aksesibel bagi penyandang disabilitas, Pusat kebugaran, Bar",911667
2,Jakarta,87,Harris Tebet Jakarta,"Manggarai Selatan, Jakarta",4.0,5101.0,"Bar, Area main anak, Layanan pijat, Pusat kebugaran, Bilyar, Sauna, Pusat kebugaran, Bar",1011000
2,Jakarta,56,Grand Dafam Ancol Jakarta,"Ancol, Jakarta",4.0,434.0,"Area main anak, Layanan pijat, Dapur kecil, Pusat kebugaran, Bilyar, Bar di kolam renang, Pusat kebugaran, Bar",1786667
2,Jakarta,88,Harris Vertu Hotel Harmoni,"Harmoni, Jakarta",5.0,3749.0,"Layanan pijat, Pusat kebugaran, Spa, Bar",1468900
2,Jakarta,178,Sentral Cawang Hotel,"Cawang, Jakarta",3.0,7369.0,"Layanan pijat, Aksesibel bagi penyandang disabilitas, Bar",580500
2,Jakarta,75,Grand Tropic Suites Hotel,"Tanjung Duren, Jakarta",4.0,5554.0,"Tennis meja, Area main anak, Pusat kebugaran, Sauna, Pusat kebugaran",1223333
2,Jakarta,199,Swiss-Belinn Wahid Hasyim,"Kebon Kacang, Jakarta",3.0,895.0,"Jemputan stasiun kereta, Layanan pijat, Antar-jemput bandara, Check-out ekspress, Bar",1160000
2,Jakarta,93,Holiday Inn Express JAKARTA WAHID HASYIM,"Kebon Kacang, Jakarta",3.0,3537.0,"Tennis, Pusat kebugaran, Bar",1568180
2,Jakarta,4,ASTON Pluit Hotel & Residence,"Pluit, Jakarta",4.0,5915.0,"Layanan pijat, Pusat kebugaran, Antar-jemput bandara, Spa, Pusat kebugaran, Bar",1068280
2,Jakarta,16,Ambhara Hotel,"Melawai, Jakarta",4.0,4857.0,Bar,968000
2,Jakarta,76,Grand Whiz Poins Simatupang Jakarta,"Lebak Bulus, Jakarta",4.0,9148.0,"Sewa mobil, Layanan pijat, Pusat kebugaran, Aksesibel bagi penyandang disabilitas, Sauna, Spa, Pusat kebugaran",857813
2,Jakarta,170,Redtop Hotel & Convention Center,"Pecenongan, Jakarta",4.0,4209.0,"Bayar saat Check-in, Restoran show cooking, Bar, Fasilitas bisnis, Bar di kolam renang, Aksesibel bagi penyandang disabilitas, Check-out ekspress, Bar",1213451
2,Jakarta,47,Fairmont Jakarta,"Senayan, Jakarta",5.0,1045.0,"Penitipan anak, Check-out ekspress",6473500
2,Jakarta,122,Hotel Santika Premiere Slipi Jakarta,"Slipi, Jakarta",4.0,6308.0,Aksesibel bagi penyandang disabilitas,1316667
2,Jakarta,92,Holiday Inn Express JAKARTA PLUIT CITYGATE,"Pluit, Jakarta",3.0,5158.0,Pusat kebugaran,1055112
2,Jakarta,194,Swiss-Belhotel Pondok Indah,"Pondok Indah, Jakarta",4.0,4538.0,"Sewa mobil, Layanan pijat, Pusat kebugaran, Aksesibel bagi penyandang disabilitas, Spa, Pusat kebugaran, Bar",1423333
2,Jakarta,21,Aryaduta Suite Semanggi,"Karet Semanggi, Jakarta",4.0,4882.0,"Squash, Area main anak, Tennis, Layanan pijat, Dapur kecil, Pusat kebugaran, Sauna, Bar",2400787
2,Jakarta,54,Gran Melia Jakarta,"Kuningan, Jakarta",5.0,1759.0,"Jacuzzi, Klub malam, Layanan pijat, Pusat kebugaran, Aksesibel bagi penyandang disabilitas, Sauna, Pusat kebugaran, Bar",2259278
2,Jakarta,136,Le Meridien Jakarta,"Sudirman, Jakarta",5.0,377.0,"Klub malam, Penitipan anak, Antar-jemput bandara, Sauna, Spa",2420000
2,Jakarta,116,Hotel Gren Alia Jakarta,"Senen, Jakarta",3.0,2906.0,Aksesibel bagi penyandang disabilitas,841667
2,Jakarta,169,Ra Suites Simatupang,"Cilandak Barat, Jakarta",5.0,68.0,"Transportasi ke pusat perbelanjaan, Winery, Jemputan stasiun kereta, Teras rooftop, Fasilitas bisnis, Aksesibel bagi penyandang disabilitas, Pusat kebugaran, Bar",1625000
3,Semarang,227,Wimarion Hotel Semarang,"Candisari, Semarang",4.0,2494.0,"Bayar saat Check-in, Winery, Teras rooftop, Fasilitas bisnis, Aksesibel bagi penyandang disabilitas, Check-out ekspress, Pusat kebugaran, Bar",1540000
3,Semarang,149,Metro Park View Hotel,"Semarang Tengah, Semarang",4.0,8886.0,"Bersepeda atau bersepeda gunung, Tennis meja, Area main anak, Klub anak, Fasilitas bisnis, Aksesibel bagi penyandang disabilitas, Pusat kebugaran, Bar",1962188
3,Semarang,112,Hotel Dafam Semarang,"Semarang Tengah, Semarang",4.0,6323.0,"Tennis meja, Layanan pijat, Pusat kebugaran, Antar-jemput bandara, Jacuzzi, Spa, Pusat kebugaran, Bar",1250000
3,Semarang,162,Plaza Hotel Semarang,"Banyumanik, Semarang",3.0,2157.0,"Aktivitas outdoor, Karaoke, Area main anak, Area berpayung",496750
3,Semarang,68,Grand Panorama Hotel,"Bandungan, Semarang",1.0,1349.0,Pusat kebugaran,438000
3,Semarang,79,Gumaya Tower Hotel Semarang,"Semarang Tengah, Semarang",5.0,4521.0,"Golf mini, Restoran show cooking, Area main anak, Layanan pijat, Pusat kebugaran, Sauna, Spa, Bar",2433333
3,Semarang,11,Amanda Hills Bandungan,"Bandungan, Semarang",3.0,3052.0,"Volley, Restoran show cooking, Bersepeda atau bersepeda gunung, Tennis, Ruangan game, Lapangan tennis outdoor, Aksesibel bagi penyandang disabilitas, Check-out ekspress",708333
3,Semarang,106,Hotel Ciputra Semarang managed by Swiss-Belhotel International,"Semarang Tengah, Semarang",5.0,7507.0,"Layanan pijat, Pusat kebugaran, Spa, Bar",2181667
3,Semarang,55,Grand Candi Hotel Semarang,"Candisari, Semarang",5.0,3942.0,"Aerobik, Tennis meja, Fasilitas bisnis, Lapangan tennis outdoor, Bar di kolam renang, Aksesibel bagi penyandang disabilitas, Pusat kebugaran, Bar",2700000
3,Semarang,95,Horison Kota Lama Semarang,"Semarang Timur, Semarang",3.0,4984.0,"Bar, Teras rooftop, Check-out ekspress, Bar",1104300
3,Semarang,163,Po Hotel (FKA Crowne Plaza Semarang),"Semarang Tengah, Semarang",5.0,2265.0,"Tanda khusus bagi tuna netra, Sewa mobil, Pusat kebugaran, Antar-jemput bandara, Aksesibel bagi penyandang disabilitas, Spa, Pusat kebugaran",25296000
3,Semarang,208,The Azana Hotel Airport Semarang,"Semarang Barat, Semarang",4.0,1094.0,"Karaoke, Teras rooftop, Antar-jemput bandara, Aksesibel bagi penyandang disabilitas, Spa, Bar",1058148
3,Semarang,36,Citrip Hotel Simpang Lima (FKA CityOne),"Semarang Tengah, Semarang",2.0,1593.0,"Sewa mobil, Layanan pijat, Spa",822000
3,Semarang,33,Candiview Hotel Semarang,"Gajahmungkur, Semarang",2.0,4643.0,"Antar-jemput bandara, Bar",808333
3,Semarang,113,Hotel Dalu Semarang,"Pedurungan, Semarang",2.0,1743.0,"Jemputan stasiun kereta, Antar-jemput bandara, Aksesibel bagi penyandang disabilitas",438800
3,Semarang,115,Hotel Grasia,"Gajahmungkur, Semarang",3.0,3020.0,"Restoran show cooking, Jemputan stasiun kereta, Fasilitas bisnis, Antar-jemput bandara, Aksesibel bagi penyandang disabilitas",1100789
3,Semarang,121,Hotel Pantes Candi Simpang Lima,"Candisari, Semarang",1.0,1490.0,"Jemputan stasiun kereta, Kursi berjemur, Aksesibel bagi penyandang disabilitas, Check-out ekspress",652667
3,Semarang,52,Golden City Hotel and Convention Center,"Kota Lama, Semarang",4.0,708.0,"Antar-jemput bandara, Pusat kebugaran, Bar",1399000
4,Surabaya,166,Prime Royal Boutique Hotel Surabaya,"Sawahan, Surabaya",3.5,5167.0,"Bayar saat Check-in, Check-out ekspress",463332
4,Surabaya,100,Hotel 88 Embong Kenongo (Kayoon),"Genteng, Surabaya",2.0,8615.0,Aksesibel bagi penyandang disabilitas,372000
4,Surabaya,101,Hotel 88 Embong Malang,"Tegalsari, Surabaya",3.0,6898.0,Sewa mobil,516667
4,Surabaya,234,Zest Hotel Jemursari,"Tenggilis Mejoyo, Surabaya",2.0,10975.0,"Bayar saat Check-in, Aksesibel bagi penyandang disabilitas",466666
4,Surabaya,157,POP! Hotel Diponegoro Surabaya,"Wonokromo, Surabaya",2.0,12272.0,Aksesibel bagi penyandang disabilitas,388667
4,Surabaya,159,POP! Hotel Stasiun Kota Surabaya,"Pabean Cantikan, Surabaya",2.0,8040.0,"Layanan pijat, Aksesibel bagi penyandang disabilitas",340960
4,Surabaya,173,Royal Tulip Darmo Surabaya,"Tegalsari, Surabaya",5.0,258.0,Pusat kebugaran,1293925
4,Surabaya,81,HARRIS Hotel & Conventions Bundaran Satelit Surabaya,"Sukomanunggal, Surabaya",4.0,1554.0,"Pengering pakaian, Area main anak, Layanan pijat, Pusat kebugaran, Bar di kolam renang, Aksesibel bagi penyandang disabilitas, Spa, Pusat kebugaran",795333
4,Surabaya,117,Hotel Gunawangsa MERR,"Rungkut, Surabaya",3.0,13560.0,"Pusat kebugaran, Aksesibel bagi penyandang disabilitas",714667
4,Surabaya,153,Neo+ Waru Sidoarjo by ASTON,"Waru, Surabaya",3.0,3490.0,"Layanan pijat, Bar",530400
4,Surabaya,192,Surabaya Suites Hotel Powered by Archipelago,"Genteng, Surabaya",4.0,8509.0,"Jacuzzi, Layanan pijat, Pusat kebugaran, Aksesibel bagi penyandang disabilitas, Sauna, Spa, Pusat kebugaran, Bar",1012300
4,Surabaya,197,Swiss-Belinn Manyar Surabaya,"Mulyorejo, Surabaya",3.0,5808.0,"Bayar saat Check-in, Layanan pijat, Aksesibel bagi penyandang disabilitas, Spa, Bar",878333
4,Surabaya,103,Hotel Aria Centra Surabaya,"Genteng, Surabaya",4.0,7348.0,"Sewa mobil, Layanan pijat, Spa",1225000
4,Surabaya,7,Alimar Premier Hotel,"Mulyorejo, Surabaya",3.0,1832.0,"Restoran show cooking, Teras rooftop, Bar di kolam renang, Aksesibel bagi penyandang disabilitas, Bar",2090000
4,Surabaya,102,Hotel 88 Kedungsari (Kedungdoro),"Tegalsari, Surabaya",2.0,5165.0,"Sewa mobil, Aksesibel bagi penyandang disabilitas",455000
4,Surabaya,246,ibis budget Surabaya Airport,"Sedati, Surabaya",2.0,6972.0,Penitipan anak,454999
4,Surabaya,144,MaxOneHotels.com @ Dharmahusada - Surabaya,"Gubeng, Surabaya",3.0,5484.0,"Bar, Transportasi ke pusat perbelanjaan, Sewa mobil, Layanan pijat, Antar-jemput bandara, Check-out ekspress, Bar",525000
4,Surabaya,30,Best Western Papilio Hotel,"Wonokromo, Surabaya",4.0,13020.0,"Layanan pijat, Pusat kebugaran, Aksesibel bagi penyandang disabilitas, Check-out ekspress",985360
4,Surabaya,29,Bekizaar Hotel Surabaya,"Genteng, Surabaya",3.0,6978.0,"Penitipan anak, Sewa mobil, Layanan pijat, Check-out ekspress",655528
4,Surabaya,83,Halogen Hotel Airport Surabaya,"Sedati, Surabaya",3.0,2477.0,"Bayar saat Check-in, Karaoke, Sewa mobil, Layanan pijat, Antar-jemput bandara, Aksesibel bagi penyandang disabilitas, Spa, Bar",380000
4,Surabaya,27,BATIQA Hotel Darmo - Surabaya,"Wonokromo, Surabaya",3.0,2206.0,"Restoran show cooking, Layanan pijat, Pusat kebugaran, Bar",690000
4,Surabaya,134,La Lisa Hotel Surabaya,"Gubeng, Surabaya",3.5,3222.0,"Bayar saat Check-in, Aktivitas outdoor, Sewa mobil, Spa",973333
4,Surabaya,156,Novotel Surabaya - Hotel & Suites,"Wonokromo, Surabaya",4.0,4239.0,Area main anak,1341274
4,Surabaya,137,Life Hotel Sudirman Surabaya,"Genteng, Surabaya",3.0,29.0,"Bayar saat Check-in, Ruang santai, Layanan pijat, Fasilitas bisnis, Aksesibel bagi penyandang disabilitas, Check-out ekspress, Spa, Bar",313332
4,Surabaya,40,D'Carol Hotel Surabaya,"Genteng, Surabaya",3.0,553.0,Bayar saat Check-in,600000
4,Surabaya,228,Yello Hotel Jemursari,"Tenggilis Mejoyo, Surabaya",3.0,4540.0,"Layanan pijat, Ruangan game, Check-out ekspress, Spa",714831
4,Surabaya,191,Sumi Hotel Surabaya,"Dukuh Pakis, Surabaya",2.0,6112.0,Sewa mobil,331667
4,Surabaya,110,Hotel Dafam Pacific Caesar Surabaya,"Mulyorejo, Surabaya",3.0,5629.0,"Layanan pijat, Fasilitas bisnis, Bar",800000
4,Surabaya,62,Grand Inna Tunjungan,"Genteng, Surabaya",4.0,3262.0,"Bayar saat Check-in, Sewa mobil, Layanan pijat, Check-out ekspress, Spa, Bar",1189923
4,Surabaya,233,ZOOM Dharmahusada Hotel,"Gubeng, Surabaya",3.0,2709.0,"Layanan pijat, Spa, Bar",558333
4,Surabaya,53,Goldvitel Hotel Surabaya,"Genteng, Surabaya",4.0,294.0,"Bar, Karaoke, Layanan pijat, Pusat kebugaran, Teras rooftop, Check-out ekspress, Pusat kebugaran, Bar",1934433
4,Surabaya,212,The Life Hotels Surabaya City Center,"Genteng, Surabaya",2.5,11511.0,"Bayar saat Check-in, Layanan pijat, Pusat kebugaran, Antar-jemput bandara, Aksesibel bagi penyandang disabilitas, Check-out ekspress, Spa, Pusat kebugaran",346666
4,Surabaya,94,Holiday Inn Express SURABAYA CENTERPOINT,"Sawahan, Surabaya",4.0,3912.0,"Tennis, Pusat kebugaran",749044
4,Surabaya,118,Hotel Majapahit Surabaya - MGallery,"Genteng, Surabaya",5.0,556.0,Area main anak,1947000
4,Surabaya,57,Grand Dafam Signature Surabaya,"Genteng, Surabaya",4.0,2043.0,"Jacuzzi, Area main anak, Pusat kebugaran, Bar di kolam renang, Sauna, Spa, Bar",1595333
4,Surabaya,195,Swiss-Belinn Airport Surabaya,"Gedangan, Surabaya",3.0,3334.0,"Tennis meja, Layanan pijat, Pusat kebugaran, Antar-jemput bandara, Aksesibel bagi penyandang disabilitas, Bar",665000
4,Surabaya,139,MIRA inn Kayoon Surabaya City Center,"Genteng, Surabaya",1.0,1115.0,Sewa mobil,290000
4,Surabaya,223,Tunjungan Hotel Surabaya,"Tegalsari, Surabaya",4.0,10496.0,"Bayar saat Check-in, Layanan pijat",861333
4,Surabaya,58,Grand Darmo Suite by AMITHYA,"Wonokromo, Surabaya",4.0,8847.0,"Bar, Sewa mobil, Layanan pijat, Pusat kebugaran, Bar di kolam renang, Spa, Pusat kebugaran, Bar",1926333
4,Surabaya,49,Four Points by Sheraton Surabaya,"Tegalsari, Surabaya",4.0,144.0,"Payung pantai, Kursi berjemur tepi kolam, Pusat kebugaran, Bar, OTHER",1847267
4,Surabaya,150,Midtown Residence Marvell City Surabaya,"Wonokromo, Surabaya",4.0,5368.0,"Sewa mobil, Layanan pijat, Pusat kebugaran, Aksesibel bagi penyandang disabilitas, Pusat kebugaran",1062833
4,Surabaya,225,Vasa Hotel Surabaya,"Sukomanunggal, Surabaya",5.0,3851.0,"Transportasi ke pusat perbelanjaan, Limosin/mobil, Klub anak, Pusat kebugaran, Aksesibel bagi penyandang disabilitas, Check-out ekspress, Spa, Pusat kebugaran",2027116
4,Surabaya,188,Sheraton Surabaya Hotel and Towers,"Tegalsari, Surabaya",5.0,3610.0,"Limosin/mobil, Toko/pusat belanja, Lapangan tennis outdoor, Payung pantai, Spa, Pusat kebugaran, Bar, OTHER",2303034
4,Surabaya,206,The Alana Surabaya,"Wonokromo, Surabaya",4.0,6779.0,"Darts, Aerobik, Restoran show cooking, Bersepeda atau bersepeda gunung, Bilyar, Bar di kolam renang, Check-out ekspress, Bar",1202533
4,Surabaya,184,Shangri-La Surabaya,"Sawahan, Surabaya",5.0,1908.0,"Aerobik, Bar, Klub malam, Fasilitas bisnis, Bar di kolam renang, Aksesibel bagi penyandang disabilitas, Check-out ekspress, Bar",1710133
4,Surabaya,51,Garden Palace Hotel Powered by Archipelago,"Genteng, Surabaya",4.0,9195.0,"Bar, Klub malam, Layanan pijat, Pusat kebugaran, Aksesibel bagi penyandang disabilitas, Spa, Pusat kebugaran, Bar",691120
4,Surabaya,82,HARRIS Hotel & Conventions Gubeng,"Gubeng, Surabaya",4.0,5889.0,"Bayar saat Check-in, Area main anak, Klub anak, Layanan pijat, Pusat kebugaran, Aksesibel bagi penyandang disabilitas, Pusat kebugaran, Bar",2821333
4,Surabaya,128,JW Marriott Hotel Surabaya,"Tegalsari, Surabaya",5.0,6550.0,"Restoran show cooking, Bar, Klub malam, Pusat kebugaran, Fasilitas bisnis, Check-out ekspress, Pusat kebugaran, Bar",2444200
4,Surabaya,107,Hotel Ciputra World Surabaya managed by Swiss-Belhotel International,"Sawahan, Surabaya",5.0,4239.0,"Jacuzzi, Sewa mobil, Layanan pijat, Pusat kebugaran, Sauna, Spa, Pusat kebugaran",4400000
4,Surabaya,167,Primebiz Hotel Surabaya,"Wonokromo, Surabaya",3.5,4796.0,"Layanan pijat, Pusat kebugaran, Aksesibel bagi penyandang disabilitas, Check-out ekspress, Pusat kebugaran",915884
4,Surabaya,164,Premier Place Surabaya Airport,"Gedangan, Surabaya",3.0,4285.0,"Layanan pijat, Antar-jemput bandara, Aksesibel bagi penyandang disabilitas, Kursi berjemur tepi kolam, Spa, Bar",774350
4,Surabaya,213,The Life Styles Hotel Surabaya,"Gubeng, Surabaya",3.5,12522.0,"Bayar saat Check-in, Pusat kebugaran, Check-out ekspress, Pusat kebugaran, Bar",613332
5,Yogyakarta,187,Sheraton Mustika Yogyakarta Resort & Spa,"Depok, Yogyakarta",5.0,2337.0,"Restoran show cooking, Bar, Pengering pakaian, Teras rooftop, Fasilitas bisnis, Bar di kolam renang, Aksesibel bagi penyandang disabilitas, Bar",1825084
5,Yogyakarta,2,ARTOTEL Suites Bianti Yogyakarta,"Gondokusuman, Yogyakarta",5.0,250.0,"Winery, Layanan pijat, Pusat kebugaran, Aksesibel bagi penyandang disabilitas, Sauna, Spa, Bar",3148333
5,Yogyakarta,171,Royal Ambarrukmo Yogyakarta,"Depok, Yogyakarta",5.0,4186.0,"Panahan, Restoran show cooking, Bersepeda atau bersepeda gunung, Area main anak, Fasilitas bisnis, Aksesibel bagi penyandang disabilitas, Pusat kebugaran, Bar",3497245
5,Yogyakarta,238,eL Hotel Royale Yogyakarta Malioboro,"Jalan Malioboro, Yogyakarta",4.0,1881.0,"Penyewaan sepeda, Layanan pijat, Pusat kebugaran, Bar di kolam renang, Spa",4890000
5,Yogyakarta,217,The Rich Jogja Hotel,"Mlati, Yogyakarta",4.0,9233.0,"Tanda khusus bagi tuna netra, Restoran show cooking, Bilyar, Bar di kolam renang, Aksesibel bagi penyandang disabilitas, Check-out ekspress, Pusat kebugaran, Bar",2000000
5,Yogyakarta,123,Hyatt Regency Yogyakarta,"Ngaglik, Yogyakarta",5.0,3711.0,"Tennis meja, Lapangan golf, Tennis, Klub anak, Bilyar, Bar di kolam renang, Pusat kebugaran, Bar",2700838
5,Yogyakarta,109,Hotel Dafam Fortuna Seturan,"Seturan, Yogyakarta",4.0,8044.0,"Penitipan anak, Sewa mobil, Layanan pijat, Aksesibel bagi penyandang disabilitas, Spa, Bar",1029999
5,Yogyakarta,231,Yogyakarta Marriott Hotel,"Depok, Yogyakarta",5.0,3200.0,"Restoran show cooking, Winery, Pengering pakaian, Fasilitas bisnis, Bar di kolam renang, Aksesibel bagi penyandang disabilitas, Pusat kebugaran, Bar",2645867
5,Yogyakarta,98,Horison Ultima Riss Malioboro Yogyakarta,"Gedongtengen, Yogyakarta",4.0,3408.0,"Bayar saat Check-in, Restoran show cooking, Layanan pijat, Pusat kebugaran, Check-out ekspress, Spa, Pusat kebugaran, Bar",3209444
5,Yogyakarta,205,The Alana Hotel & Conference Center Malioboro Yogyakarta by ASTON,"Mantrijeron, Yogyakarta",4.0,6562.0,"Sewa mobil, Bar di kolam renang, Antar-jemput bandara, Spa",3079583
5,Yogyakarta,145,Melia Purosani Yogyakarta,"Jalan Malioboro, Yogyakarta",5.0,3505.0,"Bar, Sewa mobil, Bilyar, Sauna, Bar",4000000
5,Yogyakarta,160,PORTA by The Ambarrukmo,"Depok, Yogyakarta",3.0,1026.0,"Restoran show cooking, Fasilitas bisnis, Bar di kolam renang, Aksesibel bagi penyandang disabilitas, Sauna, Check-out ekspress, Bar",2000000
5,Yogyakarta,130,"KIMAYA Sudirman Yogyakarta, By HARRIS","Gondokusuman, Yogyakarta",4.0,379.0,"Layanan pijat, Pusat kebugaran, Aksesibel bagi penyandang disabilitas, Spa, Pusat kebugaran, Bar",1498000
5,Yogyakarta,78,Greenhost Boutique Hotel,"Jalan Prawirotaman, Yogyakarta",3.0,7193.0,"Restoran show cooking, Penyewaan sepeda, Sewa mobil, Aksesibel bagi penyandang disabilitas, Bar",1412500
5,Yogyakarta,32,Bohemian Jogja Villas With Private Pool,"Mlati, Yogyakarta",0.0,9.0,"Aktivitas outdoor, Check-out ekspress",5950000
5,Yogyakarta,59,Grand Diamond Hotel Yogyakarta,"Depok, Yogyakarta",4.0,3220.0,"Sewa mobil, Fasilitas bisnis",1210370
5,Yogyakarta,1,@HOM Premiere Timoho,"Umbulharjo, Yogyakarta",4.0,2086.0,"Penitipan anak, Sewa mobil, Bar di kolam renang, Antar-jemput bandara, Aksesibel bagi penyandang disabilitas, Spa",1377000
5,Yogyakarta,240,favehotel Malioboro - Yogyakarta,"Kotabaru, Yogyakarta",3.0,4207.0,"Layanan pijat, Spa",1439370
5,Yogyakarta,207,The Alana Yogyakarta Hotel & Convention Center,"Ngaglik, Yogyakarta",4.0,6564.0,"Aksesibel bagi penyandang disabilitas, Bar",2042010
5,Yogyakarta,210,The Jayakarta Yogyakarta Hotel & Spa,"Depok, Yogyakarta",4.0,4811.0,"Ruang santai, Pemancingan, Bilyar, Fasilitas bisnis, Lapangan tennis outdoor, Bar di kolam renang, Aksesibel bagi penyandang disabilitas, Bar",1456000
5,Yogyakarta,125,Indoluxe Hotel Jogjakarta,"Ngaglik, Yogyakarta",4.0,6240.0,"Sewa mobil, Pusat kebugaran, Teras rooftop, Bar di kolam renang, Aksesibel bagi penyandang disabilitas, Spa, Pusat kebugaran, Bar",1350000
5,Yogyakarta,96,Horison Lynn Yogyakarta,"Mantrijeron, Yogyakarta",3.0,6017.0,"Sewa mobil, Aksesibel bagi penyandang disabilitas",1250000
5,Yogyakarta,189,Student Castle Apartment HD,"Depok, Yogyakarta",0.0,165.0,"Ruang santai, Bilyar, Pusat kebugaran, Check-out ekspress, Pusat kebugaran",878333
5,Yogyakarta,70,Grand Sarila Hotel Yogyakarta,"Gejayan, Yogyakarta",3.0,9803.0,"Sewa mobil, Layanan pijat",976666
5,Yogyakarta,241,h Boutique Hotel Jogjakarta,"Gondokusuman, Yogyakarta",3.0,5977.0,"Layanan pijat, Spa, Bar",1568593
5,Yogyakarta,26,Aveon Hotel Yogyakarta by Daphna International,"Depok, Yogyakarta",4.0,1410.0,"Restoran show cooking, Layanan pijat, Pusat kebugaran, Antar-jemput bandara, Aksesibel bagi penyandang disabilitas, Spa, Pusat kebugaran, Bar",1522067
5,Yogyakarta,174,Sagan Heritage Hotel,"Gondokusuman, Yogyakarta",3.0,4228.0,"Area main anak, Check-out ekspress",966667
5,Yogyakarta,245,ibis Yogyakarta Adi Sucipto,"Depok, Yogyakarta",3.0,2176.0,Check-out ekspress,1251566
5,Yogyakarta,215,The Manohara Hotel Yogyakarta,"Gejayan, Yogyakarta",4.0,294.0,"Penitipan sepeda, Penyewaan sepeda, Pusat kebugaran, Fasilitas bisnis, Aksesibel bagi penyandang disabilitas, Pusat kebugaran",3500000
5,Yogyakarta,69,Grand Rohan Jogja,"Banguntapan, Yogyakarta",4.0,340.0,"Area main anak, Sewa mobil, Antar-jemput bandara",4397550
5,Yogyakarta,135,Lafayette Boutique Hotel,"Depok, Yogyakarta",5.0,4897.0,"Jemputan stasiun kereta, Penitipan anak, Sewa mobil, Layanan pijat, Pusat kebugaran, Check-out ekspress, Spa, Pusat kebugaran",3015667
5,Yogyakarta,8,All Nite & Day Hotel Yogyakarta - Gejayan,"Gondokusuman, Yogyakarta",3.0,1088.0,Check-out ekspress,1240000
5,Yogyakarta,131,KJ Hotel Yogyakarta,"Jalan Prawirotaman, Yogyakarta",4.0,3385.0,"Restoran show cooking, Bersepeda atau bersepeda gunung, Teras rooftop, Fasilitas bisnis, Bar di kolam renang, Aksesibel bagi penyandang disabilitas, Check-out ekspress, Bar",1617773
5,Yogyakarta,64,Grand Keisha Yogyakarta,"Gejayan, Yogyakarta",4.0,4722.0,"Restoran show cooking, Kursi berjemur, Pusat kebugaran, Teras rooftop, Fasilitas bisnis, Aksesibel bagi penyandang disabilitas, Kursi berjemur tepi kolam, Pusat kebugaran",2766667
5,Yogyakarta,161,Patra Malioboro Hotel,"Jalan Malioboro, Yogyakarta",3.0,665.0,"Penitipan sepeda, Penyewaan sepeda, Sewa mobil, Aksesibel bagi penyandang disabilitas",2500000
5,Yogyakarta,63,Grand Kangen Hotel Urip Sumoharjo Yogyakarta,"Gondokusuman, Yogyakarta",3.0,9159.0,"Sewa mobil, Layanan pijat, Spa",1401514
5,Yogyakarta,230,Yellow Star Gejayan Hotel,"Gejayan, Yogyakarta",3.0,9357.0,"Sewa mobil, Teras rooftop, Aksesibel bagi penyandang disabilitas, Check-out ekspress",1109000
5,Yogyakarta,229,Yellow Star Ambarukmo Hotel,"Depok, Yogyakarta",3.0,8527.0,"Penitipan anak, Sewa mobil, Layanan pijat, Spa",1151667
5,Yogyakarta,165,Prime Plaza Hotel Jogjakarta,"Gejayan, Yogyakarta",4.0,3042.0,"Basket, Aerobik, Restoran show cooking, Ruang santai, Bersepeda atau bersepeda gunung, Bar di kolam renang, Aksesibel bagi penyandang disabilitas, Bar",1558800
5,Yogyakarta,85,Harper Malioboro Yogyakarta by ASTON,"Jetis, Yogyakarta",4.0,4811.0,"Sewa mobil, Layanan pijat",4603895
5,Yogyakarta,239,favehotel Kusumanegara,"Umbulharjo, Yogyakarta",3.0,5528.0,"Layanan pijat, Spa",2066667
5,Yogyakarta,154,Next Hotel Yogyakarta,"Depok, Yogyakarta",4.0,85.0,"Bayar saat Check-in, Ruang santai, Bar, Pengering pakaian, Fasilitas bisnis, Bar di kolam renang, Aksesibel bagi penyandang disabilitas, Bar",1281852
5,Yogyakarta,6,Abadi Hotel Malioboro Yogyakarta by Tritama Hospitality,"Jalan Malioboro, Yogyakarta",4.0,4221.0,Aksesibel bagi penyandang disabilitas,1786753
5,Yogyakarta,124,INNSIDE by Melia Yogyakarta,"Depok, Yogyakarta",4.0,4719.0,"Darts, Restoran show cooking, Bilyar, Teras rooftop, Fasilitas bisnis, Bar di kolam renang, Aksesibel bagi penyandang disabilitas, Bar",1774667
